ID,State,State Abbreviation,Latitude,Longitude,HxPosition,HyPosition,SxPosition,SyPosition,Soil Name,Level Number,Level Name,Start Depth (cm),End Depth (cm),Munsell,RGB
1,Alabama,AL,32.31823,-86.902298,7,1,7,1,Bama,1,Ap,0,13,10YR 3/2,"rgb(85, 70, 54)"
1,Alabama,,32.31823,-86.902298,7,1,7,1,Bama,2,E,13,23,10YR 5/4,"rgb(148, 118, 79)"
1,Alabama,,32.31823,-86.902298,7,1,7,1,Bama,3,BE,23,36,7.5YR 5/6,"rgb(163, 113, 63)"
1,Alabama,,32.31823,-86.902298,7,1,7,1,Bama,4,Bt1,36,56,5YR 4/6,"rgb(138, 84, 47)"
1,Alabama,,32.31823,-86.902298,7,1,7,1,Bama,5,bt2,56,104,2.5YR 4/8,"rgb(152, 76, 38)"
1,Alabama,,32.31823,-86.902298,7,1,7,1,Bama,6,bt3,104,173,2.5YR 4/6,"rgb(142, 82, 55)"
1,Alabama,,32.31823,-86.902298,7,1,7,1,Bama,7,bt4,173,188,2.5YR 4/8,"rgb(152, 76, 38)"
2,Alaska,AK,66.160507,-153.369141,0,4,0,6,Tanana,1,Oi,0,8,7.5YR 3/2,"rgb(88, 69, 55)"
2,,,66.160507,-153.369141,0,4,0,6,Tanana,2,OA,8,14,10YR 2/1,"rgb(54, 48, 41 )"
2,,,66.160507,-153.369141,0,4,0,6,Tanana,3,Bjjg,14,44,2.5Y 4/3,"rgb(112, 94, 63)"
2,,,66.160507,-153.369141,0,4,0,6,Tanana,4,Cjjg,44,63,2.5Y 4/3,"rgb(112, 94, 63)"
2,,,66.160507,-153.369141,0,4,0,6,Tanana,5,Cjjgf,63,183,2.5Y 4/3,"rgb(112, 94, 63)"
4,Arizona,AZ,34.048927,-111.093735,2.5,1.5,2,2,Case Grande,1,An,0,2.5,10YR 6/4,"rgb(174, 144, 104)"
4,Arizona,,34.048927,-111.093735,2.5,1.5,2,2,Case Grande,2,BAn,2.5,12.5,10YR 6/3,"rgb(167, 144, 114 )"
4,Arizona,,34.048927,-111.093735,2.5,1.5,2,2,Case Grande,3,Btknz1,12.5,20,10YR 6/4,"rgb(174, 144, 104)"
4,Arizona,,34.048927,-111.093735,2.5,1.5,2,2,Case Grande,4,Btknz2,20,27.5,10YR 6/4,"rgb(174, 144, 104)"
4,Arizona,,34.048927,-111.093735,2.5,1.5,2,2,Case Grande,5,Btknz3,27.5,45,7.5YR 5/6,"rgb(163, 113, 63)"
4,Arizona,,34.048927,-111.093735,2.5,1.5,2,2,Case Grande,6,Btknz4,45,80,7.5YR 5/6,"rgb(163, 113, 63)"
4,Arizona,,34.048927,-111.093735,2.5,1.5,2,2,Case Grande,7,Btknz5,80,97.5,7.5YR 5/4,"rgb(152, 116, 85)"
4,Arizona,,34.048927,-111.093735,2.5,1.5,2,2,Case Grande,8,2BCknz1,97.5,115,10YR 6/4,"rgb(174, 144, 104)"
4,Arizona,,34.048927,-111.093735,2.5,1.5,2,2,Case Grande,9,2BCknz2,115,150,7.5YR 6/4,"rgb(179, 142, 110)"
5,Arkansas,AR,34.799999,-92.199997,5.5,1.5,5,2,Stuttgart,1,Ap,0,15.24,10YR 4/2,"rgb(111, 95, 76)"
5,Arkansas,,34.799999,-92.199997,5.5,1.5,5,2,Stuttgart,2,A,15.24,27.94,10YR 5/2,"rgb(137, 120, 101)"
5,Arkansas,,34.799999,-92.199997,5.5,1.5,5,2,Stuttgart,3,E,27.94,58.42,10YR 5/4,"rgb(148, 118, 79)"
5,Arkansas,,34.799999,-92.199997,5.5,1.5,5,2,Stuttgart,4,Bt1,58.42,88.9,2.5YR 4/6,"rgb(142, 82, 55)"
5,Arkansas,,34.799999,-92.199997,5.5,1.5,5,2,Stuttgart,5,Bt2,88.9,116.84,10YR 5/2,"rgb(137, 120, 101)"
5,Arkansas,,34.799999,-92.199997,5.5,1.5,5,2,Stuttgart,6,bt3,116.84,152.4,10YR 6/2,"rgb(163, 147, 126)"
5,Arkansas,,34.799999,-92.199997,5.5,1.5,5,2,Stuttgart,7,bt4,152.4,203.2,10YR 6/2,"rgb(163, 147, 126)"
6,California,CA,36.778259,-119.417931,1.5,1.5,1,3,San Joaquin,1,Ap,0,15.24,7.5YR 3/4,"rgb(98, 66, 38)"
6,California,,36.778259,-119.417931,1.5,1.5,1,3,San Joaquin,2,Bt1,15.24,25.4,5YR 4/4,"rgb(128, 88, 64)"
6,California,,36.778259,-119.417931,1.5,1.5,1,3,San Joaquin,3,bt2,25.4,40.64,5YR 5/4,"rgb(154, 115, 89)"
6,California,,36.778259,-119.417931,1.5,1.5,1,3,San Joaquin,4,2bt3,40.64,53.34,7.5YR 4/6,"rgb(134, 87, 40)"
6,California,,36.778259,-119.417931,1.5,1.5,1,3,San Joaquin,5,2bt4,53.34,66.04,7.5YR 4/4,"rgb(126, 90, 59)"
6,California,,36.778259,-119.417931,1.5,1.5,1,3,San Joaquin,6,2Bqm1,66.04,73.66,7.5YR 5/4,"rgb(152, 116, 85)"
6,California,,36.778259,-119.417931,1.5,1.5,1,3,San Joaquin,7,2Bqm2,73.66,121.92,7.5YR 4/6,"rgb(134, 87, 40)"
6,California,,36.778259,-119.417931,1.5,1.5,1,3,San Joaquin,8,2Bq,121.92,152.4,7.5YR 3/4,"rgb(98, 66, 38)"
8,Colorado,CO,39.113014,-105.358887,3,2,3,3,Seitz,1,Oi,0,5.08,10YR 2/1,"rgb(54, 48, 41)"
8,Colorado,,39.113014,-105.358887,3,2,3,3,Seitz,2,Oe,5.08,10.16,10YR 2/1,"rgb(54, 48, 41)"
8,Colorado,,39.113014,-105.358887,3,2,3,3,Seitz,3,A,10.16,15.24,10YR 4/1,"rgb(103, 95, 84 )"
8,Colorado,,39.113014,-105.358887,3,2,3,3,Seitz,4,E,15.24,33.02,7.5YR 7/2,"rgb(192, 172, 155)"
8,Colorado,,39.113014,-105.358887,3,2,3,3,Seitz,5,E/B,33.02,45.72,7.5YR 7/2,"rgb(192, 172, 155)"
8,Colorado,,39.113014,-105.358887,3,2,3,3,Seitz,6,Bt1,45.72,81.28,7.5YR 5/3,"rgb(119, 90, 68)"
8,Colorado,,39.113014,-105.358887,3,2,3,3,Seitz,7,Bt2,81.28,91.44,7.5YR 4/3,"rgb(119, 90, 68)"
9,Connecticut,CT,41.599998,-72.699997,10.5,2.5,10,4,Windsor,1,Oe,0,3,10YR 2/1,"rgb(54, 48, 41)"
9,Connecticut,,41.599998,-72.699997,10.5,2.5,10,4,Windsor,2,A,3,8,10YR 3/2,"rgb(85, 70, 54)"
9,Connecticut,,41.599998,-72.699997,10.5,2.5,10,4,Windsor,3,Bw1,8,23,7.5YR 5/6,"rgb(163, 113, 63)"
9,Connecticut,,41.599998,-72.699997,10.5,2.5,10,4,Windsor,4,Bw2,23,53,10YR 5/6,"rgb(157, 115, 55)"
9,Connecticut,,41.599998,-72.699997,10.5,2.5,10,4,Windsor,5,Bw3,53,64,10YR 6/4,"rgb(174, 144, 104)"
9,Connecticut,,41.599998,-72.699997,10.5,2.5,10,4,Windsor,6,C,64,165,10YR 6/3,"rgb(167, 144, 114)"
10,Delaware,DE,39,-75.5,9,2,10,3,Greenwich,1,Ap,0,25,10YR 5/3,"rgb(141, 118, 90)"
10,Delaware,,39,-75.5,9,2,10,3,Greenwich,2,Bt1,25,41,10YR 5/6,"rgb(157, 115, 55)"
10,Delaware,,39,-75.5,9,2,10,3,Greenwich,3,Bt2,41,56,7.5YR 4/6,"rgb(134, 87, 40)"
10,Delaware,,39,-75.5,9,2,10,3,Greenwich,4,2bt3,56,64,7.5YR 4/6,"rgb(134, 87, 40)"
10,Delaware,,39,-75.5,9,2,10,3,Greenwich,5,2bt4,64,74,7.5YR 3/4,"rgb(98, 66, 38)"
10,Delaware,,39,-75.5,9,2,10,3,Greenwich,6,2CB,74,99,10YR 4/6,"rgb(129, 90, 33)"
10,Delaware,,39,-75.5,9,2,10,3,Greenwich,7,2C1,99,117,10YR 5/4,"rgb(148, 118, 79)"
10,Delaware,,39,-75.5,9,2,10,3,Greenwich,8,2C2,117,140,10YR 5/6,"rgb(157, 115, 55)"
10,Delaware,,39,-75.5,9,2,10,3,Greenwich,9,2C3,140,183,10YR 5/8,"rgb(164, 113, 27)"
12,Florida,FL,27.994402,-81.760254,8,0,9,0,Myakka,1,A,0,15.24,10YR 2/1,"rgb(54, 48, 41)"
12,Florida,,27.994402,-81.760254,8,0,9,0,Myakka,2,E,15.24,50.8,10YR 8/2,"rgb(216, 200, 177)"
12,Florida,,27.994402,-81.760254,8,0,9,0,Myakka,3,Bh1,50.8,60.96,5YR 2/1,"rgb(56, 47, 42)"
12,Florida,,27.994402,-81.760254,8,0,9,0,Myakka,4,Bh2,60.96,81.28,5YR 2/2,"rgb(64, 45, 37)"
12,Florida,,27.994402,-81.760254,8,0,9,0,Myakka,5,Bh3,81.28,91.44,5YR 2/2,"rgb(64, 45, 37)"
12,Florida,,27.994402,-81.760254,8,0,9,0,Myakka,6,C/B,91.44,142.24,7.5YR 4/4,"rgb(126, 90, 59)"
12,Florida,,27.994402,-81.760254,8,0,9,0,Myakka,7,C,142.24,215.9,10YR 4/2,"rgb(111, 95, 76)"
13,Georgia,GA,33.247875,-83.441162,7.5,0.5,8,1,Tifton,1,Apc,0,27,10YR 4/2,"rgb(111, 95, 76)"
13,Georgia,,33.247875,-83.441162,7.5,0.5,8,1,Tifton,2,Btc1,27,55,7.5YR 5/8,"rgb(171, 109, 39)"
13,Georgia,,33.247875,-83.441162,7.5,0.5,8,1,Tifton,3,btc2,55,101,10YR 5/6,"rgb(157, 115, 55)"
13,Georgia,,33.247875,-83.441162,7.5,0.5,8,1,Tifton,4,Btv1,101,127,10YR 5/8,"rgb(164, 113, 27)"
13,Georgia,,33.247875,-83.441162,7.5,0.5,8,1,Tifton,5,btv2,127,152,10YR 5/8,"rgb(164, 113, 27)"
13,Georgia,,33.247875,-83.441162,7.5,0.5,8,1,Tifton,6,BCt,152,165,7.5YR 5/6,"rgb(163, 113, 63)"
13,Georgia,,33.247875,-83.441162,7.5,0.5,8,1,Tifton,7,C,165,203,7.5YR 5/8,"rgb(171, 109, 39)"
15,Hawaii,HI,19.741755,-155.844437,0,0,0,1,Hilo,1,Ap1,0,18,7.5YR 3/4,"rgb(98, 66, 38)"
15,Hawaii,,19.741755,-155.844437,0,0,0,1,Hilo,2,Ap2,18,46,5YR 3/3,"rgb(94, 65, 50)"
15,Hawaii,,19.741755,-155.844437,0,0,0,1,Hilo,3,Bw1,46,66,5YR 3/3,"rgb(94, 65, 50)"
15,Hawaii,,19.741755,-155.844437,0,0,0,1,Hilo,4,Bw2,66,84,5YR 3/4,"rgb(101, 64, 42)"
15,Hawaii,,19.741755,-155.844437,0,0,0,1,Hilo,5,Bw3,84,150,5YR 3/4,"rgb(101, 64, 42)"
16,Idaho,ID,44.068203,-114.742043,1.5,2.5,2,5,Threebear,1,Oi,0,2.54,10YR 2/1,"rgb(54, 48, 41)"
16,Idaho,,44.068203,-114.742043,1.5,2.5,2,5,Threebear,2,A,2.54,7.62,10YR 5/4,"rgb(148, 118, 79)"
16,Idaho,,44.068203,-114.742043,1.5,2.5,2,5,Threebear,3,Bw1,7.62,25.4,10YR 5/4,"rgb(148, 118, 79)"
16,Idaho,,44.068203,-114.742043,1.5,2.5,2,5,Threebear,4,Bw2,25.4,45.72,10YR 6/4,"rgb(174, 144, 104)"
16,Idaho,,44.068203,-114.742043,1.5,2.5,2,5,Threebear,5,2E/Bt,45.72,66.04,10YR 7/3,"rgb(194, 170, 139)"
16,Idaho,,44.068203,-114.742043,1.5,2.5,2,5,Threebear,6,2Bt/E1,66.04,88.9,10YR 6/4,"rgb(174, 144, 104)"
16,Idaho,,44.068203,-114.742043,1.5,2.5,2,5,Threebear,7,2Bt/E2,88.9,101.6,10YR 6/4,"rgb(174, 144, 104)"
16,Idaho,,44.068203,-114.742043,1.5,2.5,2,5,Threebear,8,2Btxb1,101.6,139.7,10YR 6/4,"rgb(174, 144, 104)"
16,Idaho,,44.068203,-114.742043,1.5,2.5,2,5,Threebear,9,2Btxb2,139.7,175.26,10YR 6/4,"rgb(174, 144, 104)"
17,Illinois,IL,40,-89,5.5,2.5,6,4,Drummer,1,Ap,0,18,10YR 2/1,"rgb(54, 48, 41)"
17,Illinois,,40,-89,5.5,2.5,6,4,Drummer,2,A,18,36,10YR 2/1,"rgb(54, 48, 41)"
17,Illinois,,40,-89,5.5,2.5,6,4,Drummer,3,BA,36,48,10YR 3/1,"rgb(79, 70, 61)"
17,Illinois,,40,-89,5.5,2.5,6,4,Drummer,4,Bg,48,64,10YR 4/1,"rgb(103, 95, 84)"
17,Illinois,,40,-89,5.5,2.5,6,4,Drummer,5,Btg1,64,81,2.5Y 5/2,"rgb(134, 121, 100)"
17,Illinois,,40,-89,5.5,2.5,6,4,Drummer,6,Btg2,81,104,2.5Y 5/1,"rgb(127, 121, 110)"
17,Illinois,,40,-89,5.5,2.5,6,4,Drummer,7,2btg3,104,119,2.5Y 5/1,"rgb(127, 121, 110)"
17,Illinois,,40,-89,5.5,2.5,6,4,Drummer,8,2cg,119,152,10YR 4/1,"rgb(103, 95, 84)"
18,Indiana,IN,40.273502,-86.126976,6.5,2.5,6,3,Miami,1,Ap,0,20,10YR 4/3,"rgb(115, 92, 65)"
18,Indiana,,40.273502,-86.126976,6.5,2.5,6,3,Miami,2,Bt1,20,33,10YR 4/4,"rgb(122, 92, 54)"
18,Indiana,,40.273502,-86.126976,6.5,2.5,6,3,Miami,3,2Bt2,33,58,10YR 4/4,"rgb(122, 92, 54)"
18,Indiana,,40.273502,-86.126976,6.5,2.5,6,3,Miami,4,2Bt3,58,79,10YR 4/4,"rgb(122, 92, 54)"
18,Indiana,,40.273502,-86.126976,6.5,2.5,6,3,Miami,5,2Bct,79,91,10YR 4/3,"rgb(115, 92, 65)"
18,Indiana,,40.273502,-86.126976,6.5,2.5,6,3,Miami,6,2Cd,91,200,10YR 5/3,"rgb(141, 118, 90)"
19,Iowa,IA,42.032974,-93.581543,4.5,2.5,5,4,Tama,1,Ap,0,15,10YR 2/2,"rgb(61, 47, 33)"
19,Iowa,,42.032974,-93.581543,4.5,2.5,5,4,Tama,2,A1,15,25,10YR 2/2,"rgb(61, 47, 33)"
19,Iowa,,42.032974,-93.581543,4.5,2.5,5,4,Tama,3,A2,25,36,10YR 2/2,"rgb(61, 47, 33)"
19,Iowa,,42.032974,-93.581543,4.5,2.5,5,4,Tama,4,BA,36,46,10YR 3/2,"rgb(85, 70, 54)"
19,Iowa,,42.032974,-93.581543,4.5,2.5,5,4,Tama,5,Bt1,46,81,10YR 4/3,"rgb(115, 92, 65)"
19,Iowa,,42.032974,-93.581543,4.5,2.5,5,4,Tama,6,Bt2,81,114,10YR 4/4,"rgb(122, 92, 54)"
19,Iowa,,42.032974,-93.581543,4.5,2.5,5,4,Tama,7,BC,114,152,10YR 5/4,"rgb(148, 118, 79)"
20,Kansas,KS,38.5,-98,4.5,1.5,4,2,Harney,1,Ap,0,22.86,10YR 4/2,"rgb(111, 95, 76)"
20,Kansas,,38.5,-98,4.5,1.5,4,2,Harney,2,AB,22.86,30.48,10YR 4/2,"rgb(111, 95, 76)"
20,Kansas,,38.5,-98,4.5,1.5,4,2,Harney,3,Bt1,30.48,45.72,10YR 5/2,"rgb(137, 120, 101)"
20,Kansas,,38.5,-98,4.5,1.5,4,2,Harney,4,Bt2,45.72,71.12,10YR 5/2,"rgb(137, 120, 101)"
20,Kansas,,38.5,-98,4.5,1.5,4,2,Harney,5,BCk,71.12,88.9,10YR 5/3,"rgb(141, 118, 90)"
20,Kansas,,38.5,-98,4.5,1.5,4,2,Harney,6,Ck,88.9,119.38,10YR 6/3,"rgb(167, 144, 114)"
20,Kansas,,38.5,-98,4.5,1.5,4,2,Harney,7,C,119.38,152.4,10YR 6/3,"rgb(167, 144, 114)"
21,Kentucky,KY,37.839333,-84.27002,6,2,6,2,Crider,1,Ap,0,20.32,10YR 4/3,"rgb(115, 92, 65)"
21,Kentucky,,37.839333,-84.27002,6,2,6,2,Crider,2,Bt1,20.32,30.48,7.5YR 4/4,"rgb(126, 90, 59)"
21,Kentucky,,37.839333,-84.27002,6,2,6,2,Crider,3,Bt2,30.48,60.96,7.5YR 4/4,"rgb(126, 90, 59)"
21,Kentucky,,37.839333,-84.27002,6,2,6,2,Crider,4,Bt3,60.96,96.52,5YR 4/4,"rgb(128, 88, 64)"
21,Kentucky,,37.839333,-84.27002,6,2,6,2,Crider,5,2Bt4,96.52,127,2.5YR 3/6,"rgb(114, 56, 32)"
21,Kentucky,,37.839333,-84.27002,6,2,6,2,Crider,6,2Bt5,127,254,10R 3/6,"rgb(117, 54, 41)"
22,Louisiana,LA,30.39183,-92.329102,5,1,5,1,Ruston,1,A,0,10.16,10YR 4/2,"rgb(111, 95, 76)"
22,Louisiana,,30.39183,-92.329102,5,1,5,1,Ruston,2,E,10.16,17.78,10YR 6/3,"rgb(167, 144, 114)"
22,Louisiana,,30.39183,-92.329102,5,1,5,1,Ruston,3,Bt1,17.78,45.72,2.5YR 6/6,"rgb(197, 134, 104)"
22,Louisiana,,30.39183,-92.329102,5,1,5,1,Ruston,4,Bt2,45.72,66.04,5YR 5/8,"rgb(176, 106, 50)"
22,Louisiana,,30.39183,-92.329102,5,1,5,1,Ruston,5,Bt/E,66.04,99.06,5YR 5/6,"rgb(166, 110, 70)"
22,Louisiana,,30.39183,-92.329102,5,1,5,1,Ruston,6,b't1,99.06,132.08,2.5YR 4/8,"rgb(152, 76, 38)"
22,Louisiana,,30.39183,-92.329102,5,1,5,1,Ruston,7,B't2,132.08,170.18,2.5YR 5/8,"rgb(182, 102, 61)"
22,Louisiana,,30.39183,-92.329102,5,1,5,1,Ruston,8,B't3,170.18,215.9,2.5YR 5/8,"rgb(182, 102, 61)"
23,Maine,ME,45.367584,-68.972168,11,4,11,7,Chesuncook,1,Oa,0,3,10YR 2/1,"rgb(54, 48, 41)"
23,Maine,,45.367584,-68.972168,11,4,11,7,Chesuncook,2,E,3,10,7.5YR 6/2,"rgb(166, 146, 129)"
23,Maine,,45.367584,-68.972168,11,4,11,7,Chesuncook,3,Bhs,10,13,5YR 3/3,"rgb(94, 65, 50)"
23,Maine,,45.367584,-68.972168,11,4,11,7,Chesuncook,4,Bs1,13,27,5YR 4/4,"rgb(128, 88, 64)"
23,Maine,,45.367584,-68.972168,11,4,11,7,Chesuncook,5,Bs2,27,45,10YR 4/4,"rgb(122, 92, 54)"
23,Maine,,45.367584,-68.972168,11,4,11,7,Chesuncook,6,BC,45,53,2.5Y 5/4,"rgb(143, 120, 75)"
23,Maine,,45.367584,-68.972168,11,4,11,7,Chesuncook,7,Cd,53,165,2.5Y 5/3,"rgb(138, 119, 87)"
24,Maryland,MD,39.045753,-76.641273,8,2,9,3,Sassafras,1,Ap,0,23,10YR 5/3,"rgb(141, 118, 90)"
24,Maryland,,39.045753,-76.641273,8,2,9,3,Sassafras,2,BA,23,53,10YR 5/4,"rgb(148, 118, 79)"
24,Maryland,,39.045753,-76.641273,8,2,9,3,Sassafras,3,Bt1,53,81,7.5YR 5/4,"rgb(152, 116, 85)"
24,Maryland,,39.045753,-76.641273,8,2,9,3,Sassafras,4,Bt2,81,102,7.5YR 5/6,"rgb(163, 113, 63)"
24,Maryland,,39.045753,-76.641273,8,2,9,3,Sassafras,5,C1,102,132,7.5YR 5/6,"rgb(163, 113, 63)"
24,Maryland,,39.045753,-76.641273,8,2,9,3,Sassafras,6,C2,132,178,10YR 6/8,"rgb(192, 140, 54)"
25,Massachusetts,MA,42.407211,-71.382439,10,3,10,5,Paxton,1,Ap,0,20,10YR 3/3,"rgb(89, 68, 44)"
25,Massachusetts,,42.407211,-71.382439,10,3,10,5,Paxton,2,Bw1,20,38,10YR 4/4,"rgb(122, 92, 54)"
25,Massachusetts,,42.407211,-71.382439,10,3,10,5,Paxton,3,Bw2,38,66,2.5Y 4/4,"rgb(117, 94, 51)"
25,Massachusetts,,42.407211,-71.382439,10,3,10,5,Paxton,4,Cd,66,165,5Y 5/3,"rgb(141, 118, 90)"
26,Michigan,MI,44.182205,-84.506836,7,3,7,5,Kalkaska,1,Oi,0,2,10YR 2/1,"rgb(54, 48, 41)"
26,Michigan,,44.182205,-84.506836,7,3,7,5,Kalkaska,2,A,2,5,7.5YR 2/1,"rgb(56, 47, 41)"
26,Michigan,,44.182205,-84.506836,7,3,7,5,Kalkaska,3,E,5,13,7.5YR 5/2,"rgb(139, 119, 104)"
26,Michigan,,44.182205,-84.506836,7,3,7,5,Kalkaska,4,Bhs,13,18,5YR 3/3,"rgb(94, 65, 50)"
26,Michigan,,44.182205,-84.506836,7,3,7,5,Kalkaska,5,Bs1,18,56,7.5YR 3/4,"rgb(98, 66, 38)"
26,Michigan,,44.182205,-84.506836,7,3,7,5,Kalkaska,6,Bs2,56,91,7.5YR 4/6,"rgb(134, 87, 40)"
26,Michigan,,44.182205,-84.506836,7,3,7,5,Kalkaska,7,BC,91,130,10YR 5/6,"rgb(157, 115, 55)"
26,Michigan,,44.182205,-84.506836,7,3,7,5,Kalkaska,8,C,130,205,10YR 6/4,"rgb(174, 144, 104)"
27,Minnesota,MN,46.39241,-94.63623,4,3,5,5,Lester,1,Ap,0,18,10YR 3/2,"rgb(85, 70, 54)"
27,Minnesota,,46.39241,-94.63623,4,3,5,5,Lester,2,Bt1,18,53,10YR 4/3,"rgb(115, 92, 65)"
27,Minnesota,,46.39241,-94.63623,4,3,5,5,Lester,3,Bt2,53,97,10YR 4/4,"rgb(122, 92, 54)"
27,Minnesota,,46.39241,-94.63623,4,3,5,5,Lester,4,Bk1,97,127,10YR 5/4,"rgb(148, 118, 79)"
27,Minnesota,,46.39241,-94.63623,4,3,5,5,Lester,5,Bk2,127,152,10YR 5/4,"rgb(148, 118, 79)"
27,Minnesota,,46.39241,-94.63623,4,3,5,5,Lester,6,C,152,203,10YR 5/4,"rgb(148, 118, 79)"
28,Mississippi,MS,33,-90,6,1,6,1,Natchez,1,Oi,0,2.54,10YR 2/1,"rgb(54, 48, 41 )"
28,Mississippi,,33,-90,6,1,6,1,Natchez,2,A1,2.54,10.16,10YR 4/2,"rgb(111, 95, 76)"
28,Mississippi,,33,-90,6,1,6,1,Natchez,3,A2,10.16,22.86,10YR 4/3,"rgb(115, 92, 65)"
28,Mississippi,,33,-90,6,1,6,1,Natchez,4,Bw1,22.86,30.48,10YR 5/4,"rgb(148, 118, 79)"
28,Mississippi,,33,-90,6,1,6,1,Natchez,5,Bw2,30.48,68.58,10YR 4/4,"rgb(122, 92, 54)"
28,Mississippi,,33,-90,6,1,6,1,Natchez,6,C1,68.58,124.46,10YR 5/4,"rgb(148, 118, 79)"
28,Mississippi,,33,-90,6,1,6,1,Natchez,7,C2,124.46,167.64,10YR 4/4,"rgb(122, 92, 54)"
29,Missouri,MO,38.573936,-92.60376,5,2,5,3,Menfro,1,Ap,0,7.62,10YR 3/3,"rgb(89, 68, 44)"
29,Missouri,,38.573936,-92.60376,5,2,5,3,Menfro,2,E,7.62,15.24,10YR 4/3,"rgb(115, 92, 65)"
29,Missouri,,38.573936,-92.60376,5,2,5,3,Menfro,3,BE,15.24,27.94,10YR 4/4,"rgb(122, 92, 54)"
29,Missouri,,38.573936,-92.60376,5,2,5,3,Menfro,4,Bt1,27.94,43.18,10YR 4/6,"rgb(129, 90, 33)"
29,Missouri,,38.573936,-92.60376,5,2,5,3,Menfro,5,Bt2,43.18,60.96,10YR 5/4,"rgb(148, 118, 79)"
29,Missouri,,38.573936,-92.60376,5,2,5,3,Menfro,6,Bt3,60.96,83.82,10YR 4/6,"rgb(129, 90, 33)"
29,Missouri,,38.573936,-92.60376,5,2,5,3,Menfro,7,Bt4,83.82,101.6,7.5YR 4/4,"rgb(126, 90, 59)"
29,Missouri,,38.573936,-92.60376,5,2,5,3,Menfro,8,Bt5,101.6,129.54,10YR 4/4,"rgb(122, 92, 54)"
29,Missouri,,38.573936,-92.60376,5,2,5,3,Menfro,9,Bt6,129.54,157.48,10YR 4/4,"rgb(122, 92, 54)"
29,Missouri,,38.573936,-92.60376,5,2,5,3,Menfro,10,Bt7,157.48,203.2,10YR 5/4,"rgb(148, 118, 79)"
30,Montana,MT,46.96526,-109.533691,2,3,3,5,Scobey,1,Ap,0,15.24,10YR 5/2,"rgb(137, 120, 101)"
30,Montana,,46.96526,-109.533691,2,3,3,5,Scobey,2,Bt,15.24,30.48,10YR 5/3,"rgb(141, 118, 90)"
30,Montana,,46.96526,-109.533691,2,3,3,5,Scobey,3,Bk1,30.48,48.26,2.5Y 5/2,"rgb(134, 121, 100)"
30,Montana,,46.96526,-109.533691,2,3,3,5,Scobey,4,Bk2,48.26,106.68,2.5Y 6/2,"rgb(160, 148, 124)"
30,Montana,,46.96526,-109.533691,2,3,3,5,Scobey,5,Bky,106.68,152.4,2.5Y 5/2,"rgb(134, 121, 100)"
31,Nebraska,NE,41.5,-100,4,2,4,3,Holdrege,1,Ap,0,15.24,10YR 4/2,"rgb(111, 95, 76)"
31,Nebraska,,41.5,-100,4,2,4,3,Holdrege,2,A,15.24,30.48,10YR 4/2,"rgb(111, 95, 76)"
31,Nebraska,,41.5,-100,4,2,4,3,Holdrege,3,Bt1,30.48,38.1,10YR 4/2,"rgb(111, 95, 76)"
31,Nebraska,,41.5,-100,4,2,4,3,Holdrege,4,Bt2,38.1,60.96,10YR 5/2,"rgb(137, 120, 101)"
31,Nebraska,,41.5,-100,4,2,4,3,Holdrege,5,BC,60.96,76.2,10YR 6/3,"rgb(167, 144, 114)"
31,Nebraska,,41.5,-100,4,2,4,3,Holdrege,6,C,76.2,203.2,10YR 7/4,"rgb(202, 171, 128)"
32,Nevada,NV,39.876019,-117.224121,2,2,2,3,Orovada,1,A,0,5,10YR 3/3,"rgb(89, 68, 44)"
32,Nevada,,39.876019,-117.224121,2,2,2,3,Orovada,2,Bw1,5,20,10YR 6/2,"rgb(163, 147, 126)"
32,Nevada,,39.876019,-117.224121,2,2,2,3,Orovada,3,Bw2,20,36,10YR 7/2,"rgb(190, 173, 151)"
32,Nevada,,39.876019,-117.224121,2,2,2,3,Orovada,4,Bq,36,66,10YR 6/3,"rgb(167, 144, 114)"
32,Nevada,,39.876019,-117.224121,2,2,2,3,Orovada,5,Bqk1,66,86,2.5Y 6/2,"rgb(160, 148, 124)"
32,Nevada,,39.876019,-117.224121,2,2,2,3,Orovada,6,Bqk2,86,122,10YR 6/2,"rgb(163, 147, 126)"
32,Nevada,,39.876019,-117.224121,2,2,2,3,Orovada,7,B'q,122,155,10YR 6/3,"rgb(167, 144, 114)"
33,New Hampshire,NH,44,-71.5,10.5,3.5,11,6,Marlow,1,Oi,0,5,10YR 2/1,"rgb(54, 48, 41 )"
33,New Hampshire,,44,-71.5,10.5,3.5,11,6,Marlow,2,A,5,13,10YR 3/1,"rgb(79, 70, 61)"
33,New Hampshire,,44,-71.5,10.5,3.5,11,6,Marlow,3,E,13,20,10YR 5/1,"rgb(128, 120, 110)"
33,New Hampshire,,44,-71.5,10.5,3.5,11,6,Marlow,4,Bs1,20,38,5YR 4/6,"rgb(138, 84, 47)"
33,New Hampshire,,44,-71.5,10.5,3.5,11,6,Marlow,5,Bs2,38,48,2.5Y 5/6,"rgb(151, 118, 48)"
33,New Hampshire,,44,-71.5,10.5,3.5,11,6,Marlow,6,BC,48,84,5Y 5/4,"rgb(138, 122, 73)"
33,New Hampshire,,44,-71.5,10.5,3.5,11,6,Marlow,7,Cd,84,165,5Y 5/2,"rgb(131, 123, 98)"
34,New Jersey,NJ,39.833851,-74.871826,9.5,2.5,9,4,Downer,1,Ap,0,25,10YR 4/2,"rgb(111, 95, 76)"
34,New Jersey,,39.833851,-74.871826,9.5,2.5,9,4,Downer,2,BA,25,46,10YR 5/6,"rgb(157, 115, 55)"
34,New Jersey,,39.833851,-74.871826,9.5,2.5,9,4,Downer,3,Bt,46,76,10YR 5/6,"rgb(157, 115, 55)"
34,New Jersey,,39.833851,-74.871826,9.5,2.5,9,4,Downer,4,C,76,203,10YR 5/6,"rgb(157, 115, 55)"
35,New Mexico,NM,34.307144,-106.018066,3,1,3,2,Penistaja,1,A,0,5.08,7.5YR 4/4,"rgb(126, 90, 59)"
35,New Mexico,,34.307144,-106.018066,3,1,3,2,Penistaja,2,Bt1,5.08,15.24,7.5YR 5/4,"rgb(152, 116, 85)"
35,New Mexico,,34.307144,-106.018066,3,1,3,2,Penistaja,3,Bt2,15.24,40.64,7.5YR 4/6,"rgb(134, 87, 40)"
35,New Mexico,,34.307144,-106.018066,3,1,3,2,Penistaja,4,Bt3,40.64,55.88,7.5YR 5/6,"rgb(163, 113, 63)"
35,New Mexico,,34.307144,-106.018066,3,1,3,2,Penistaja,5,Bk,55.88,134.62,7.5YR 6/4,"rgb(179, 142, 110)"
35,New Mexico,,34.307144,-106.018066,3,1,3,2,Penistaja,6,C,134.62,177.8,7.5YR 6/6,"rgb(190, 139, 88)"
36,New York,NY,43,-75,9,3,9,5,Honeoye,1,Ap,0,20,10YR 4/2,"rgb(111, 95, 76)"
36,New York,,43,-75,9,3,9,5,Honeoye,2,E,20,25,10YR 7/3,"rgb(194, 170, 139)"
36,New York,,43,-75,9,3,9,5,Honeoye,3,Bt/E,25,36,10YR 4/3,"rgb(115, 92, 65)"
36,New York,,43,-75,9,3,9,5,Honeoye,4,Bt1,36,58,10YR 4/3,"rgb(115, 92, 65)"
36,New York,,43,-75,9,3,9,5,Honeoye,5,Bt2,48,74,10YR 4/3,"rgb(115, 92, 65)"
36,New York,,43,-75,9,3,9,5,Honeoye,6,C,74,183,10YR 4/2,"rgb(111, 95, 76)"
37,North Carolina,NC,35.782169,-80.793457,8.5,1.5,9,2,Cecil,1,Ap,0,20.32,10YR 4/4,"rgb(122, 92, 54)"
37,North Carolina,,35.782169,-80.793457,8.5,1.5,9,2,Cecil,2,Bt1,20.32,66.04,10R 4/8,"rgb(156, 73, 50)"
37,North Carolina,,35.782169,-80.793457,8.5,1.5,9,2,Cecil,3,Bt2,66.04,106.68,10R 4/8,"rgb(156, 73, 50)"
37,North Carolina,,35.782169,-80.793457,8.5,1.5,9,2,Cecil,4,BC,106.68,127,2.5YR 4/8,"rgb(152, 76, 38)"
37,North Carolina,,35.782169,-80.793457,8.5,1.5,9,2,Cecil,5,C,127,203.2,2.5YR 4/8,"rgb(152, 76, 38)"
38,North Dakota,ND,47.650589,-100.437012,3,3,4,5,Williams,1,Ap,0,15.24,10YR 4/2,"rgb(111, 95, 76)"
38,North Dakota,,47.650589,-100.437012,3,3,4,5,Williams,2,Bt1,15.24,25.4,10YR 4/3,"rgb(115, 92, 65)"
38,North Dakota,,47.650589,-100.437012,3,3,4,5,Williams,3,Bt2,25.4,38.1,10YR 5/2,"rgb(137, 120, 101)"
38,North Dakota,,47.650589,-100.437012,3,3,4,5,Williams,4,Btk,38.1,60.96,2.5Y 5/4,"rgb(143, 120, 75)"
38,North Dakota,,47.650589,-100.437012,3,3,4,5,Williams,5,Bk,60.96,91.44,2.5Y 6/2,"rgb(160, 148, 124)"
38,North Dakota,,47.650589,-100.437012,3,3,4,5,Williams,6,C,91.44,152.4,2.5Y 6/2,"rgb(160, 148, 124)"
39,Ohio,OH,40.367474,-82.996216,7.5,2.5,7,4,Miamian,1,Ap,0,23,10YR 4/3,"rgb(115, 92, 65)"
39,Ohio,,40.367474,-82.996216,7.5,2.5,7,4,Miamian,2,2Bt1,23,30,10YR 4/4,"rgb(122, 92, 54)"
39,Ohio,,40.367474,-82.996216,7.5,2.5,7,4,Miamian,3,2Bt2,30,46,10YR 4/4,"rgb(122, 92, 54)"
39,Ohio,,40.367474,-82.996216,7.5,2.5,7,4,Miamian,3,2Bt3,46,66,10YR 5/4,"rgb(148, 118, 79)"
39,Ohio,,40.367474,-82.996216,7.5,2.5,7,4,Miamian,4,2BC,66,84,10YR 5/4,"rgb(148, 118, 79)"
39,Ohio,,40.367474,-82.996216,7.5,2.5,7,4,Miamian,5,2Cd,84,200,10YR 5/4,"rgb(148, 118, 79)"
40,Oklahoma,OK,36.084621,-96.921387,4,1,4,1,Port,1,Ap,0,22.86,5YR 4/3,"rgb(121, 89, 71)"
40,Oklahoma,,36.084621,-96.921387,4,1,4,1,Port,2,A,22.86,68.58,5YR 3/3,"rgb(94, 65, 50)"
40,Oklahoma,,36.084621,-96.921387,4,1,4,1,Port,3,Bk,68.58,106.68,5YR 4/4,"rgb(128, 88, 64)"
40,Oklahoma,,36.084621,-96.921387,4,1,4,1,Port,4,C,106.68,182.88,2.5YR 4/4,"rgb(130, 87, 69)"
41,Oregon,OR,44,-120.5,1,2,1,4,Jory,1,Ap,0,15.24,5YR 3/4,"rgb(101, 64, 42)"
41,Oregon,,44,-120.5,1,2,1,4,Jory,2,A,15.24,40.64,5YR 3/4,"rgb(101, 64, 42)"
41,Oregon,,44,-120.5,1,2,1,4,Jory,3,AB,40.64,48.26,5YR 3/4,"rgb(101, 64, 42)"
41,Oregon,,44,-120.5,1,2,1,4,Jory,4,Bt1,48.26,73.66,2.5YR 3/4,"rgb(103, 62, 47)"
41,Oregon,,44,-120.5,1,2,1,4,Jory,5,Bt2,73.66,121.92,2.5YR 3/4,"rgb(103, 62, 47)"
41,Oregon,,44,-120.5,1,2,1,4,Jory,6,Bt3,121.92,254,2.5YR 3/6,"rgb(114, 56, 32)"
42,Pennsylvania,PA,41.203323,-77.194527,8.5,2.5,8,4,Hazelton,1,Oe,0,5.08,5YR 2/2,"rgb(64, 45, 37)"
42,Pennsylvania,,41.203323,-77.194527,8.5,2.5,8,4,Hazelton,2,E,5.08,10.16,10YR 4/1,"rgb(103, 95, 84)"
42,Pennsylvania,,41.203323,-77.194527,8.5,2.5,8,4,Hazelton,3,Bhs,10.16,15.24,5YR 3/3,"rgb(94, 65, 50)"
42,Pennsylvania,,41.203323,-77.194527,8.5,2.5,8,4,Hazelton,4,Bs,15.24,20.32,5YR 4/6,"rgb(138, 84, 47)"
42,Pennsylvania,,41.203323,-77.194527,8.5,2.5,8,4,Hazelton,5,Bw1,20.32,43.18,7.5YR 6/6,"rgb(190, 139, 88)"
42,Pennsylvania,,41.203323,-77.194527,8.5,2.5,8,4,Hazelton,6,Bw2,43.18,60.96,7.5YR 5/6,"rgb(163, 113, 63)"
42,Pennsylvania,,41.203323,-77.194527,8.5,2.5,8,4,Hazelton,7,Bw3,60.96,86.36,7.5YR 6/8,"rgb(199, 136, 65)"
42,Pennsylvania,,41.203323,-77.194527,8.5,2.5,8,4,Hazelton,8,C,86.36,147.32,7.5YR 6/6,"rgb(190, 139, 88)"
42,Pennsylvania,,41.203323,-77.194527,8.5,2.5,8,4,Hazelton,9,R,147.32,182.88,10YR 5/6,"rgb(157, 115, 55)"
44,Rhode Island,RI,41.700001,-71.5,11,3,11,5,Narragansett,1,Ap,0,15.24,10YR 3/3,"rgb(89, 68, 44)"
44,Rhode Island,,41.700001,-71.5,11,3,11,5,Narragansett,2,Bw1,15.24,38.1,10YR 4/6,"rgb(129, 90, 33)"
44,Rhode Island,,41.700001,-71.5,11,3,11,5,Narragansett,3,Bw2,38.1,60.96,10YR 5/6,"rgb(157, 115, 55)"
44,Rhode Island,,41.700001,-71.5,11,3,11,5,Narragansett,4,Bw3,60.96,71.12,10YR 5/6,"rgb(157, 115, 55)"
44,Rhode Island,,41.700001,-71.5,11,3,11,5,Narragansett,5,2C,71.12,152.4,2.5Y 5/4,"rgb(143, 120, 75)"
45,South Carolina,SC,33.836082,-81.163727,8,1,8,2,Bohicket,1,Ap,0,25.4,5Y 4/1,"rgb(100, 96, 83)"
45,South Carolina,,33.836082,-81.163727,8,1,8,2,Bohicket,2,Cg1,25.4,124.46,5Y 4/1,"rgb(100, 96, 83)"
45,South Carolina,,33.836082,-81.163727,8,1,8,2,Bohicket,3,Cg2,124.46,139.7,5Y 4/1,"rgb(100, 96, 83)"
45,South Carolina,,33.836082,-81.163727,8,1,8,2,Bohicket,4,Cg3,139.7,172.72,5GY 5/1,"rgb(120, 123, 112 )"
45,South Carolina,,33.836082,-81.163727,8,1,8,2,Bohicket,5,Cg4,172.72,203.2,5GY 4/1,"rgb(95, 97, 88)"
46,South Dakota,SD,44.5,-100,3.5,2.5,4,4,Houdek,1,Ap,0,15.24,10YR 4/2,"rgb(111, 95, 76)"
46,South Dakota,,44.5,-100,3.5,2.5,4,4,Houdek,2,Bt1,15.24,25.4,10YR 4/2,"rgb(111, 95, 76)"
46,South Dakota,,44.5,-100,3.5,2.5,4,4,Houdek,3,Bt2,25.4,45.72,10YR 5/2,"rgb(137, 120, 101)"
46,South Dakota,,44.5,-100,3.5,2.5,4,4,Houdek,4,Bk1,45.72,71.12,2.5Y 5/3,"rgb(138, 119, 87)"
46,South Dakota,,44.5,-100,3.5,2.5,4,4,Houdek,5,Bk2,71.12,101.6,2.5Y 6/3,"rgb(163, 145, 111)"
46,South Dakota,,44.5,-100,3.5,2.5,4,4,Houdek,6,C,101.6,152.4,2.5Y 6/3,"rgb(163, 145, 111)"
47,Tennessee,TN,35.860119,-86.660156,6.5,1.5,7,2,Dickson,1,Ap,0,25.4,10YR 5/3,"rgb(141, 118, 90)"
47,Tennessee,,35.860119,-86.660156,6.5,1.5,7,2,Dickson,2,Bw,25.4,50.8,10YR 5/6,"rgb(157, 115, 55)"
47,Tennessee,,35.860119,-86.660156,6.5,1.5,7,2,Dickson,3,E,50.8,60.96,10YR 6/3,"rgb(167, 144, 114)"
47,Tennessee,,35.860119,-86.660156,6.5,1.5,7,2,Dickson,4,Btx1,60.96,81.28,10YR 5/4,"rgb(148, 118, 79)"
47,Tennessee,,35.860119,-86.660156,6.5,1.5,7,2,Dickson,5,Btx2,81.28,109.22,10YR 5/4,"rgb(148, 118, 79)"
47,Tennessee,,35.860119,-86.660156,6.5,1.5,7,2,Dickson,6,2Bt,109.22,185.42,2.5YR 4/8,"rgb(152, 76, 38)"
47,Tennessee,,35.860119,-86.660156,6.5,1.5,7,2,Dickson,7,3Cr,185.42,205.74,2.5Y 6/8,"rgb(184, 143, 44)"
48,Texas,TX,31,-100,3.5,0.5,5,0,Houston Black,1,A,0,20,10YR 3/1,"rgb(79, 70, 61)"
48,Texas,,31,-100,3.5,0.5,5,0,Houston Black,2,Bw,20,61,10YR 3/1,"rgb(79, 70, 61)"
48,Texas,,31,-100,3.5,0.5,5,0,Houston Black,3,Bkss1,61,97,10YR 4/1,"rgb(103, 95, 84 )"
48,Texas,,31,-100,3.5,0.5,5,0,Houston Black,4,Bkss2,97,203,10YR 5/2,"rgb(137, 120, 101)"
48,Texas,,31,-100,3.5,0.5,5,0,Houston Black,5,Bkss3,203,264,10YR 6/1,"rgb(155, 146, 135)"
49,Utah,UT,39.41922,-111.950684,3.5,1.5,2,4,Mivida,1,A,0,19,5YR 5/4,"rgb(154, 115, 89)"
49,Utah,,39.41922,-111.950684,3.5,1.5,2,4,Mivida,2,Bw1,19,41,5YR 6/6,"rgb(194, 137, 95)"
49,Utah,,39.41922,-111.950684,3.5,1.5,2,4,Mivida,3,Bw2,41,56,5YR 6/6,"rgb(194, 137, 95)"
49,Utah,,39.41922,-111.950684,3.5,1.5,2,4,Mivida,4,Bk1,56,133,5YR 8/3,"rgb(225, 194, 172)"
49,Utah,,39.41922,-111.950684,3.5,1.5,2,4,Mivida,5,Bk2,133,152,5YR 8/3,"rgb(225, 194, 172)"
50,Vermont,VT,44,-72.699997,9.5,3.5,10,6,Tunbridge,1,Oe,0,8,7.5YR 3/1,"rgb(80, 70, 62)"
50,Vermont,,44,-72.699997,9.5,3.5,10,6,Tunbridge,2,Oa,8,13,10YR 2/1,"rgb(54, 48, 41 )"
50,Vermont,,44,-72.699997,9.5,3.5,10,6,Tunbridge,3,E,13,20,10YR 4/1,"rgb(103, 95, 84 )"
50,Vermont,,44,-72.699997,9.5,3.5,10,6,Tunbridge,4,Bhs,20,28,5YR 3/2,"rgb(89, 68, 57)"
50,Vermont,,44,-72.699997,9.5,3.5,10,6,Tunbridge,5,Bs,28,66,5YR 3/3,"rgb(94, 65, 50)"
50,Vermont,,44,-72.699997,9.5,3.5,10,6,Tunbridge,6,BC,66,71,10YR 3/4,"rgb(94, 68, 35)"
51,Virginia,VA,37.926868,-78.024902,7.5,1.5,8,3,Pamunkey,1,Ap,0,22.86,7.5YR 4/4,"rgb(126, 90, 59)"
51,Virginia,,37.926868,-78.024902,7.5,1.5,8,3,Pamunkey,2,Bt1,22.86,27.94,5YR 4/6,"rgb(138, 84, 47)"
51,Virginia,,37.926868,-78.024902,7.5,1.5,8,3,Pamunkey,3,Bt2,27.94,66.04,5YR 4/6,"rgb(138, 84, 47)"
51,Virginia,,37.926868,-78.024902,7.5,1.5,8,3,Pamunkey,4,Bt3,66.04,109.22,5YR 4/8,"rgb(146, 80, 27)"
51,Virginia,,37.926868,-78.024902,7.5,1.5,8,3,Pamunkey,5,BC,109.22,116.84,5YR 4/8,"rgb(146, 80, 27)"
51,Virginia,,37.926868,-78.024902,7.5,1.5,8,3,Pamunkey,6,2C,116.84,203.2,10YR 5/6,"rgb(157, 115, 55)"
53,Washington,WA,47.751076,-120.740135,1,3,1,5,Tokul,1,Oi,0,3,10YR 2/1,"rgb(54, 48, 41 )"
53,Washington,,47.751076,-120.740135,1,3,1,5,Tokul,2,Oa,3,5,10YR 2/1,"rgb(54, 48, 41 )"
53,Washington,,47.751076,-120.740135,1,3,1,5,Tokul,3,A,5,15,10YR 5/4,"rgb(148, 118, 79)"
53,Washington,,47.751076,-120.740135,1,3,1,5,Tokul,4,Bs1,15,23,7.5YR 6/4,"rgb(179, 142, 110)"
53,Washington,,47.751076,-120.740135,1,3,1,5,Tokul,5,Bs2,23,43,10YR 6/4,"rgb(174, 144, 104)"
53,Washington,,47.751076,-120.740135,1,3,1,5,Tokul,6,Bs3,43,61,10YR 7/4,"rgb(202, 171, 128)"
53,Washington,,47.751076,-120.740135,1,3,1,5,Tokul,7,BC,61,84,2.5Y 8/4,"rgb(223, 200, 150)"
53,Washington,,47.751076,-120.740135,1,3,1,5,Tokul,8,2Bsm,84,157,2.5Y 7/2,"rgb(187, 174, 149)"
54,West Virginia,WV,39,-80.5,7,2,7,3,Monongahela,1,Ap,0,18,10YR 4/2,"rgb(111, 95, 76)"
54,West Virginia,,39,-80.5,7,2,7,3,Monongahela,2,BA,18,30,10YR 5/4,"rgb(148, 118, 79)"
54,West Virginia,,39,-80.5,7,2,7,3,Monongahela,3,Bt,30,56,10YR 5/6,"rgb(157, 115, 55)"
54,West Virginia,,39,-80.5,7,2,7,3,Monongahela,4,Btx1,56,79,10YR 5/4,"rgb(148, 118, 79)"
54,West Virginia,,39,-80.5,7,2,7,3,Monongahela,5,Btx2,79,107,10YR 6/4,"rgb(174, 144, 104)"
54,West Virginia,,39,-80.5,7,2,7,3,Monongahela,6,Btx3,107,132,10YR 6/4,"rgb(174, 144, 104)"
54,West Virginia,,39,-80.5,7,2,7,3,Monongahela,7,C,132,165,7.5YR 5/8,"rgb(171, 109, 39)"
55,Wisconsin,WI,44.5,-89.5,5,3,6,5,Antigo,1,Ap,0,23,10YR 4/2,"rgb(111, 95, 76)"
55,Wisconsin,,44.5,-89.5,5,3,6,5,Antigo,2,E,23,30,10YR 5/3,"rgb(141, 118, 90)"
55,Wisconsin,,44.5,-89.5,5,3,6,5,Antigo,3,B/E,30,48,10YR 4/4,"rgb(122, 92, 54)"
55,Wisconsin,,44.5,-89.5,5,3,6,5,Antigo,4,Bt1,48,71,10YR 4/4,"rgb(122, 92, 54)"
55,Wisconsin,,44.5,-89.5,5,3,6,5,Antigo,5,2Bt2,71,79,7.5YR 4/4,"rgb(126, 90, 59)"
55,Wisconsin,,44.5,-89.5,5,3,6,5,Antigo,6,2Bt3,79,84,7.5YR 4/4,"rgb(126, 90, 59)"
55,Wisconsin,,44.5,-89.5,5,3,6,5,Antigo,7,3C,84,152,7.5YR 5/4,"rgb(152, 116, 85)"
56,Wyoming,WY,43.07597,-107.290283,2.5,2.5,3,4,Forkwood,1,A,0,12.7,10YR 5/3,"rgb(141, 118, 90)"
56,Wyoming,,43.07597,-107.290283,2.5,2.5,3,4,Forkwood,2,Bt,12.7,30.48,10YR 5/3,"rgb(141, 118, 90)"
56,Wyoming,,43.07597,-107.290283,2.5,2.5,3,4,Forkwood,3,Btk,30.48,50.8,2.5Y 6/2,"rgb(160, 148, 124)"
56,Wyoming,,43.07597,-107.290283,2.5,2.5,3,4,Forkwood,4,Bk,50.8,76.2,2.5Y 6/2,"rgb(160, 148, 124)"
56,Wyoming,,43.07597,-107.290283,2.5,2.5,3,4,Forkwood,5,BCk,76.2,152.4,2.5Y 6/2,"rgb(160, 148, 124)"
