State,State Abbreviation,State ID,County,County ID,DSCI,Date
Arizona,AZ,4,Apache County,04001,198,1/7/2020
Arizona,AZ,4,Apache County,04001,198,1/14/2020
Arizona,AZ,4,Apache County,04001,198,1/21/2020
Arizona,AZ,4,Apache County,04001,198,1/28/2020
Arizona,AZ,4,Apache County,04001,198,2/4/2020
Arizona,AZ,4,Apache County,04001,198,2/11/2020
Arizona,AZ,4,Apache County,04001,189,2/18/2020
Arizona,AZ,4,Apache County,04001,164,2/25/2020
Arizona,AZ,4,Apache County,04001,164,3/3/2020
Arizona,AZ,4,Apache County,04001,164,3/10/2020
Arizona,AZ,4,Apache County,04001,164,3/17/2020
Arizona,AZ,4,Apache County,04001,164,3/24/2020
Arizona,AZ,4,Apache County,04001,163,3/31/2020
Arizona,AZ,4,Apache County,04001,163,4/7/2020
Arizona,AZ,4,Apache County,04001,94,4/14/2020
Arizona,AZ,4,Apache County,04001,94,4/21/2020
Arizona,AZ,4,Apache County,04001,94,4/28/2020
Arizona,AZ,4,Apache County,04001,94,5/5/2020
Arizona,AZ,4,Apache County,04001,94,5/12/2020
Arizona,AZ,4,Apache County,04001,94,5/19/2020
Arizona,AZ,4,Apache County,04001,94,5/26/2020
Arizona,AZ,4,Apache County,04001,94,6/2/2020
Arizona,AZ,4,Apache County,04001,95,6/9/2020
Arizona,AZ,4,Apache County,04001,95,6/16/2020
Arizona,AZ,4,Apache County,04001,95,6/23/2020
Arizona,AZ,4,Apache County,04001,95,6/30/2020
Arizona,AZ,4,Apache County,04001,111,7/7/2020
Arizona,AZ,4,Apache County,04001,123,7/14/2020
Arizona,AZ,4,Apache County,04001,158,7/21/2020
Arizona,AZ,4,Apache County,04001,170,7/28/2020
Arizona,AZ,4,Apache County,04001,196,8/4/2020
Arizona,AZ,4,Apache County,04001,195,8/11/2020
Arizona,AZ,4,Apache County,04001,229,8/18/2020
Arizona,AZ,4,Apache County,04001,318,8/25/2020
Arizona,AZ,4,Apache County,04001,318,9/1/2020
Arizona,AZ,4,Apache County,04001,321,9/8/2020
Arizona,AZ,4,Apache County,04001,321,9/15/2020
Arizona,AZ,4,Apache County,04001,321,9/22/2020
Arizona,AZ,4,Apache County,04001,348,9/29/2020
Arizona,AZ,4,Apache County,04001,351,10/6/2020
Arizona,AZ,4,Apache County,04001,351,10/13/2020
Arizona,AZ,4,Apache County,04001,400,10/20/2020
Arizona,AZ,4,Apache County,04001,400,10/27/2020
Arizona,AZ,4,Apache County,04001,400,11/3/2020
Arizona,AZ,4,Apache County,04001,400,11/10/2020
Arizona,AZ,4,Apache County,04001,442,11/17/2020
Arizona,AZ,4,Apache County,04001,455,11/24/2020
Arizona,AZ,4,Apache County,04001,500,12/1/2020
Arizona,AZ,4,Apache County,04001,500,12/8/2020
Arizona,AZ,4,Apache County,04001,473,12/15/2020
Arizona,AZ,4,Apache County,04001,473,12/22/2020
Arizona,AZ,4,Apache County,04001,473,12/29/2020
Arizona,AZ,4,Apache County,04001,473,1/5/2021
Arizona,AZ,4,Apache County,04001,473,1/12/2021
Arizona,AZ,4,Apache County,04001,473,1/19/2021
Arizona,AZ,4,Apache County,04001,464,1/26/2021
Arizona,AZ,4,Apache County,04001,447,2/2/2021
Arizona,AZ,4,Apache County,04001,447,2/9/2021
Arizona,AZ,4,Apache County,04001,446,2/16/2021
Arizona,AZ,4,Apache County,04001,445,2/23/2021
Arizona,AZ,4,Apache County,04001,445,3/2/2021
Arizona,AZ,4,Apache County,04001,445,3/9/2021
Arizona,AZ,4,Apache County,04001,445,3/16/2021
Arizona,AZ,4,Apache County,04001,445,3/23/2021
Arizona,AZ,4,Apache County,04001,445,3/30/2021
Arizona,AZ,4,Apache County,04001,445,4/6/2021
Arizona,AZ,4,Apache County,04001,445,4/13/2021
Arizona,AZ,4,Apache County,04001,445,4/20/2021
Arizona,AZ,4,Apache County,04001,445,4/27/2021
Arizona,AZ,4,Apache County,04001,445,5/4/2021
Arizona,AZ,4,Apache County,04001,445,5/11/2021
Arizona,AZ,4,Apache County,04001,445,5/18/2021
Arizona,AZ,4,Apache County,04001,446,5/25/2021
Arizona,AZ,4,Apache County,04001,446,6/1/2021
Arizona,AZ,4,Apache County,04001,446,6/8/2021
Arizona,AZ,4,Apache County,04001,446,6/15/2021
Arizona,AZ,4,Apache County,04001,446,6/22/2021
Arizona,AZ,4,Apache County,04001,446,6/29/2021
Arizona,AZ,4,Apache County,04001,446,7/6/2021
Arizona,AZ,4,Apache County,04001,446,7/13/2021
Arizona,AZ,4,Apache County,04001,438,7/20/2021
Arizona,AZ,4,Apache County,04001,369,7/27/2021
Arizona,AZ,4,Apache County,04001,333,8/3/2021
Arizona,AZ,4,Apache County,04001,333,8/10/2021
Arizona,AZ,4,Apache County,04001,328,8/17/2021
Arizona,AZ,4,Apache County,04001,325,8/24/2021
Arizona,AZ,4,Apache County,04001,325,8/31/2021
Arizona,AZ,4,Apache County,04001,316,9/7/2021
Arizona,AZ,4,Apache County,04001,316,9/14/2021
Arizona,AZ,4,Apache County,04001,316,9/21/2021
Arizona,AZ,4,Apache County,04001,316,9/28/2021
Arizona,AZ,4,Apache County,04001,316,10/5/2021
Arizona,AZ,4,Apache County,04001,261,10/12/2021
Arizona,AZ,4,Apache County,04001,261,10/19/2021
Arizona,AZ,4,Apache County,04001,260,10/26/2021
Arizona,AZ,4,Apache County,04001,260,11/2/2021
Arizona,AZ,4,Apache County,04001,260,11/9/2021
Arizona,AZ,4,Apache County,04001,260,11/16/2021
Arizona,AZ,4,Apache County,04001,260,11/23/2021
Arizona,AZ,4,Apache County,04001,260,11/30/2021
Arizona,AZ,4,Apache County,04001,260,12/7/2021
Arizona,AZ,4,Apache County,04001,260,12/14/2021
Arizona,AZ,4,Apache County,04001,261,12/21/2021
Arizona,AZ,4,Apache County,04001,257,12/28/2021
Arizona,AZ,4,Apache County,04001,257,1/4/2022
Arizona,AZ,4,Apache County,04001,256,1/11/2022
Arizona,AZ,4,Apache County,04001,256,1/18/2022
Arizona,AZ,4,Apache County,04001,256,1/25/2022
Arizona,AZ,4,Apache County,04001,256,2/1/2022
Arizona,AZ,4,Apache County,04001,256,2/8/2022
Arizona,AZ,4,Apache County,04001,256,2/15/2022
Arizona,AZ,4,Apache County,04001,256,2/22/2022
Arizona,AZ,4,Apache County,04001,262,3/1/2022
Arizona,AZ,4,Apache County,04001,262,3/8/2022
Arizona,AZ,4,Apache County,04001,262,3/15/2022
Arizona,AZ,4,Apache County,04001,262,3/22/2022
Arizona,AZ,4,Apache County,04001,262,3/29/2022
Arizona,AZ,4,Apache County,04001,284,4/5/2022
Arizona,AZ,4,Apache County,04001,284,4/12/2022
Arizona,AZ,4,Apache County,04001,284,4/19/2022
Arizona,AZ,4,Apache County,04001,288,4/26/2022
Arizona,AZ,4,Apache County,04001,288,5/3/2022
Arizona,AZ,4,Apache County,04001,288,5/10/2022
Arizona,AZ,4,Apache County,04001,288,5/17/2022
Arizona,AZ,4,Apache County,04001,288,5/24/2022
Arizona,AZ,4,Apache County,04001,288,5/31/2022
Arizona,AZ,4,Apache County,04001,287,6/7/2022
Arizona,AZ,4,Cochise County,04003,0,1/7/2020
Arizona,AZ,4,Cochise County,04003,0,1/14/2020
Arizona,AZ,4,Cochise County,04003,0,1/21/2020
Arizona,AZ,4,Cochise County,04003,0,1/28/2020
Arizona,AZ,4,Cochise County,04003,0,2/4/2020
Arizona,AZ,4,Cochise County,04003,0,2/11/2020
Arizona,AZ,4,Cochise County,04003,0,2/18/2020
Arizona,AZ,4,Cochise County,04003,0,2/25/2020
Arizona,AZ,4,Cochise County,04003,0,3/3/2020
Arizona,AZ,4,Cochise County,04003,0,3/10/2020
Arizona,AZ,4,Cochise County,04003,0,3/17/2020
Arizona,AZ,4,Cochise County,04003,0,3/24/2020
Arizona,AZ,4,Cochise County,04003,0,3/31/2020
Arizona,AZ,4,Cochise County,04003,0,4/7/2020
Arizona,AZ,4,Cochise County,04003,0,4/14/2020
Arizona,AZ,4,Cochise County,04003,0,4/21/2020
Arizona,AZ,4,Cochise County,04003,0,4/28/2020
Arizona,AZ,4,Cochise County,04003,0,5/5/2020
Arizona,AZ,4,Cochise County,04003,0,5/12/2020
Arizona,AZ,4,Cochise County,04003,0,5/19/2020
Arizona,AZ,4,Cochise County,04003,0,5/26/2020
Arizona,AZ,4,Cochise County,04003,0,6/2/2020
Arizona,AZ,4,Cochise County,04003,13,6/9/2020
Arizona,AZ,4,Cochise County,04003,13,6/16/2020
Arizona,AZ,4,Cochise County,04003,13,6/23/2020
Arizona,AZ,4,Cochise County,04003,13,6/30/2020
Arizona,AZ,4,Cochise County,04003,51,7/7/2020
Arizona,AZ,4,Cochise County,04003,51,7/14/2020
Arizona,AZ,4,Cochise County,04003,145,7/21/2020
Arizona,AZ,4,Cochise County,04003,200,7/28/2020
Arizona,AZ,4,Cochise County,04003,200,8/4/2020
Arizona,AZ,4,Cochise County,04003,200,8/11/2020
Arizona,AZ,4,Cochise County,04003,275,8/18/2020
Arizona,AZ,4,Cochise County,04003,311,8/25/2020
Arizona,AZ,4,Cochise County,04003,310,9/1/2020
Arizona,AZ,4,Cochise County,04003,332,9/8/2020
Arizona,AZ,4,Cochise County,04003,332,9/15/2020
Arizona,AZ,4,Cochise County,04003,332,9/22/2020
Arizona,AZ,4,Cochise County,04003,376,9/29/2020
Arizona,AZ,4,Cochise County,04003,397,10/6/2020
Arizona,AZ,4,Cochise County,04003,397,10/13/2020
Arizona,AZ,4,Cochise County,04003,397,10/20/2020
Arizona,AZ,4,Cochise County,04003,397,10/27/2020
Arizona,AZ,4,Cochise County,04003,397,11/3/2020
Arizona,AZ,4,Cochise County,04003,402,11/10/2020
Arizona,AZ,4,Cochise County,04003,415,11/17/2020
Arizona,AZ,4,Cochise County,04003,457,11/24/2020
Arizona,AZ,4,Cochise County,04003,457,12/1/2020
Arizona,AZ,4,Cochise County,04003,457,12/8/2020
Arizona,AZ,4,Cochise County,04003,457,12/15/2020
Arizona,AZ,4,Cochise County,04003,457,12/22/2020
Arizona,AZ,4,Cochise County,04003,457,12/29/2020
Arizona,AZ,4,Cochise County,04003,457,1/5/2021
Arizona,AZ,4,Cochise County,04003,457,1/12/2021
Arizona,AZ,4,Cochise County,04003,457,1/19/2021
Arizona,AZ,4,Cochise County,04003,457,1/26/2021
Arizona,AZ,4,Cochise County,04003,457,2/2/2021
Arizona,AZ,4,Cochise County,04003,457,2/9/2021
Arizona,AZ,4,Cochise County,04003,457,2/16/2021
Arizona,AZ,4,Cochise County,04003,457,2/23/2021
Arizona,AZ,4,Cochise County,04003,457,3/2/2021
Arizona,AZ,4,Cochise County,04003,457,3/9/2021
Arizona,AZ,4,Cochise County,04003,457,3/16/2021
Arizona,AZ,4,Cochise County,04003,457,3/23/2021
Arizona,AZ,4,Cochise County,04003,457,3/30/2021
Arizona,AZ,4,Cochise County,04003,457,4/6/2021
Arizona,AZ,4,Cochise County,04003,500,4/13/2021
Arizona,AZ,4,Cochise County,04003,500,4/20/2021
Arizona,AZ,4,Cochise County,04003,500,4/27/2021
Arizona,AZ,4,Cochise County,04003,500,5/4/2021
Arizona,AZ,4,Cochise County,04003,500,5/11/2021
Arizona,AZ,4,Cochise County,04003,500,5/18/2021
Arizona,AZ,4,Cochise County,04003,500,5/25/2021
Arizona,AZ,4,Cochise County,04003,500,6/1/2021
Arizona,AZ,4,Cochise County,04003,500,6/8/2021
Arizona,AZ,4,Cochise County,04003,500,6/15/2021
Arizona,AZ,4,Cochise County,04003,500,6/22/2021
Arizona,AZ,4,Cochise County,04003,500,6/29/2021
Arizona,AZ,4,Cochise County,04003,500,7/6/2021
Arizona,AZ,4,Cochise County,04003,500,7/13/2021
Arizona,AZ,4,Cochise County,04003,465,7/20/2021
Arizona,AZ,4,Cochise County,04003,383,7/27/2021
Arizona,AZ,4,Cochise County,04003,324,8/3/2021
Arizona,AZ,4,Cochise County,04003,324,8/10/2021
Arizona,AZ,4,Cochise County,04003,277,8/17/2021
Arizona,AZ,4,Cochise County,04003,277,8/24/2021
Arizona,AZ,4,Cochise County,04003,277,8/31/2021
Arizona,AZ,4,Cochise County,04003,211,9/7/2021
Arizona,AZ,4,Cochise County,04003,211,9/14/2021
Arizona,AZ,4,Cochise County,04003,211,9/21/2021
Arizona,AZ,4,Cochise County,04003,211,9/28/2021
Arizona,AZ,4,Cochise County,04003,211,10/5/2021
Arizona,AZ,4,Cochise County,04003,209,10/12/2021
Arizona,AZ,4,Cochise County,04003,208,10/19/2021
Arizona,AZ,4,Cochise County,04003,209,10/26/2021
Arizona,AZ,4,Cochise County,04003,209,11/2/2021
Arizona,AZ,4,Cochise County,04003,209,11/9/2021
Arizona,AZ,4,Cochise County,04003,209,11/16/2021
Arizona,AZ,4,Cochise County,04003,209,11/23/2021
Arizona,AZ,4,Cochise County,04003,209,11/30/2021
Arizona,AZ,4,Cochise County,04003,209,12/7/2021
Arizona,AZ,4,Cochise County,04003,208,12/14/2021
Arizona,AZ,4,Cochise County,04003,208,12/21/2021
Arizona,AZ,4,Cochise County,04003,209,12/28/2021
Arizona,AZ,4,Cochise County,04003,167,1/4/2022
Arizona,AZ,4,Cochise County,04003,169,1/11/2022
Arizona,AZ,4,Cochise County,04003,169,1/18/2022
Arizona,AZ,4,Cochise County,04003,169,1/25/2022
Arizona,AZ,4,Cochise County,04003,169,2/1/2022
Arizona,AZ,4,Cochise County,04003,169,2/8/2022
Arizona,AZ,4,Cochise County,04003,169,2/15/2022
Arizona,AZ,4,Cochise County,04003,169,2/22/2022
Arizona,AZ,4,Cochise County,04003,210,3/1/2022
Arizona,AZ,4,Cochise County,04003,210,3/8/2022
Arizona,AZ,4,Cochise County,04003,210,3/15/2022
Arizona,AZ,4,Cochise County,04003,210,3/22/2022
Arizona,AZ,4,Cochise County,04003,210,3/29/2022
Arizona,AZ,4,Cochise County,04003,296,4/5/2022
Arizona,AZ,4,Cochise County,04003,296,4/12/2022
Arizona,AZ,4,Cochise County,04003,296,4/19/2022
Arizona,AZ,4,Cochise County,04003,298,4/26/2022
Arizona,AZ,4,Cochise County,04003,298,5/3/2022
Arizona,AZ,4,Cochise County,04003,298,5/10/2022
Arizona,AZ,4,Cochise County,04003,350,5/17/2022
Arizona,AZ,4,Cochise County,04003,350,5/24/2022
Arizona,AZ,4,Cochise County,04003,350,5/31/2022
Arizona,AZ,4,Cochise County,04003,350,6/7/2022
Arizona,AZ,4,Coconino County,04005,170,1/7/2020
Arizona,AZ,4,Coconino County,04005,170,1/14/2020
Arizona,AZ,4,Coconino County,04005,170,1/21/2020
Arizona,AZ,4,Coconino County,04005,170,1/28/2020
Arizona,AZ,4,Coconino County,04005,170,2/4/2020
Arizona,AZ,4,Coconino County,04005,170,2/11/2020
Arizona,AZ,4,Coconino County,04005,187,2/18/2020
Arizona,AZ,4,Coconino County,04005,180,2/25/2020
Arizona,AZ,4,Coconino County,04005,180,3/3/2020
Arizona,AZ,4,Coconino County,04005,180,3/10/2020
Arizona,AZ,4,Coconino County,04005,144,3/17/2020
Arizona,AZ,4,Coconino County,04005,143,3/24/2020
Arizona,AZ,4,Coconino County,04005,132,3/31/2020
Arizona,AZ,4,Coconino County,04005,132,4/7/2020
Arizona,AZ,4,Coconino County,04005,114,4/14/2020
Arizona,AZ,4,Coconino County,04005,114,4/21/2020
Arizona,AZ,4,Coconino County,04005,114,4/28/2020
Arizona,AZ,4,Coconino County,04005,114,5/5/2020
Arizona,AZ,4,Coconino County,04005,115,5/12/2020
Arizona,AZ,4,Coconino County,04005,115,5/19/2020
Arizona,AZ,4,Coconino County,04005,115,5/26/2020
Arizona,AZ,4,Coconino County,04005,115,6/2/2020
Arizona,AZ,4,Coconino County,04005,114,6/9/2020
Arizona,AZ,4,Coconino County,04005,114,6/16/2020
Arizona,AZ,4,Coconino County,04005,114,6/23/2020
Arizona,AZ,4,Coconino County,04005,114,6/30/2020
Arizona,AZ,4,Coconino County,04005,114,7/7/2020
Arizona,AZ,4,Coconino County,04005,115,7/14/2020
Arizona,AZ,4,Coconino County,04005,171,7/21/2020
Arizona,AZ,4,Coconino County,04005,172,7/28/2020
Arizona,AZ,4,Coconino County,04005,224,8/4/2020
Arizona,AZ,4,Coconino County,04005,228,8/11/2020
Arizona,AZ,4,Coconino County,04005,300,8/18/2020
Arizona,AZ,4,Coconino County,04005,350,8/25/2020
Arizona,AZ,4,Coconino County,04005,350,9/1/2020
Arizona,AZ,4,Coconino County,04005,360,9/8/2020
Arizona,AZ,4,Coconino County,04005,360,9/15/2020
Arizona,AZ,4,Coconino County,04005,360,9/22/2020
Arizona,AZ,4,Coconino County,04005,400,9/29/2020
Arizona,AZ,4,Coconino County,04005,400,10/6/2020
Arizona,AZ,4,Coconino County,04005,400,10/13/2020
Arizona,AZ,4,Coconino County,04005,400,10/20/2020
Arizona,AZ,4,Coconino County,04005,400,10/27/2020
Arizona,AZ,4,Coconino County,04005,400,11/3/2020
Arizona,AZ,4,Coconino County,04005,430,11/10/2020
Arizona,AZ,4,Coconino County,04005,433,11/17/2020
Arizona,AZ,4,Coconino County,04005,500,11/24/2020
Arizona,AZ,4,Coconino County,04005,500,12/1/2020
Arizona,AZ,4,Coconino County,04005,500,12/8/2020
Arizona,AZ,4,Coconino County,04005,500,12/15/2020
Arizona,AZ,4,Coconino County,04005,500,12/22/2020
Arizona,AZ,4,Coconino County,04005,500,12/29/2020
Arizona,AZ,4,Coconino County,04005,500,1/5/2021
Arizona,AZ,4,Coconino County,04005,500,1/12/2021
Arizona,AZ,4,Coconino County,04005,500,1/19/2021
Arizona,AZ,4,Coconino County,04005,481,1/26/2021
Arizona,AZ,4,Coconino County,04005,466,2/2/2021
Arizona,AZ,4,Coconino County,04005,466,2/9/2021
Arizona,AZ,4,Coconino County,04005,466,2/16/2021
Arizona,AZ,4,Coconino County,04005,466,2/23/2021
Arizona,AZ,4,Coconino County,04005,466,3/2/2021
Arizona,AZ,4,Coconino County,04005,466,3/9/2021
Arizona,AZ,4,Coconino County,04005,466,3/16/2021
Arizona,AZ,4,Coconino County,04005,466,3/23/2021
Arizona,AZ,4,Coconino County,04005,466,3/30/2021
Arizona,AZ,4,Coconino County,04005,466,4/6/2021
Arizona,AZ,4,Coconino County,04005,466,4/13/2021
Arizona,AZ,4,Coconino County,04005,466,4/20/2021
Arizona,AZ,4,Coconino County,04005,466,4/27/2021
Arizona,AZ,4,Coconino County,04005,466,5/4/2021
Arizona,AZ,4,Coconino County,04005,466,5/11/2021
Arizona,AZ,4,Coconino County,04005,466,5/18/2021
Arizona,AZ,4,Coconino County,04005,466,5/25/2021
Arizona,AZ,4,Coconino County,04005,466,6/1/2021
Arizona,AZ,4,Coconino County,04005,466,6/8/2021
Arizona,AZ,4,Coconino County,04005,466,6/15/2021
Arizona,AZ,4,Coconino County,04005,466,6/22/2021
Arizona,AZ,4,Coconino County,04005,475,6/29/2021
Arizona,AZ,4,Coconino County,04005,475,7/6/2021
Arizona,AZ,4,Coconino County,04005,475,7/13/2021
Arizona,AZ,4,Coconino County,04005,442,7/20/2021
Arizona,AZ,4,Coconino County,04005,388,7/27/2021
Arizona,AZ,4,Coconino County,04005,370,8/3/2021
Arizona,AZ,4,Coconino County,04005,369,8/10/2021
Arizona,AZ,4,Coconino County,04005,364,8/17/2021
Arizona,AZ,4,Coconino County,04005,292,8/24/2021
Arizona,AZ,4,Coconino County,04005,292,8/31/2021
Arizona,AZ,4,Coconino County,04005,270,9/7/2021
Arizona,AZ,4,Coconino County,04005,270,9/14/2021
Arizona,AZ,4,Coconino County,04005,270,9/21/2021
Arizona,AZ,4,Coconino County,04005,269,9/28/2021
Arizona,AZ,4,Coconino County,04005,269,10/5/2021
Arizona,AZ,4,Coconino County,04005,243,10/12/2021
Arizona,AZ,4,Coconino County,04005,242,10/19/2021
Arizona,AZ,4,Coconino County,04005,242,10/26/2021
Arizona,AZ,4,Coconino County,04005,242,11/2/2021
Arizona,AZ,4,Coconino County,04005,242,11/9/2021
Arizona,AZ,4,Coconino County,04005,242,11/16/2021
Arizona,AZ,4,Coconino County,04005,242,11/23/2021
Arizona,AZ,4,Coconino County,04005,242,11/30/2021
Arizona,AZ,4,Coconino County,04005,242,12/7/2021
Arizona,AZ,4,Coconino County,04005,242,12/14/2021
Arizona,AZ,4,Coconino County,04005,243,12/21/2021
Arizona,AZ,4,Coconino County,04005,222,12/28/2021
Arizona,AZ,4,Coconino County,04005,222,1/4/2022
Arizona,AZ,4,Coconino County,04005,224,1/11/2022
Arizona,AZ,4,Coconino County,04005,224,1/18/2022
Arizona,AZ,4,Coconino County,04005,224,1/25/2022
Arizona,AZ,4,Coconino County,04005,224,2/1/2022
Arizona,AZ,4,Coconino County,04005,224,2/8/2022
Arizona,AZ,4,Coconino County,04005,224,2/15/2022
Arizona,AZ,4,Coconino County,04005,224,2/22/2022
Arizona,AZ,4,Coconino County,04005,224,3/1/2022
Arizona,AZ,4,Coconino County,04005,224,3/8/2022
Arizona,AZ,4,Coconino County,04005,224,3/15/2022
Arizona,AZ,4,Coconino County,04005,224,3/22/2022
Arizona,AZ,4,Coconino County,04005,224,3/29/2022
Arizona,AZ,4,Coconino County,04005,236,4/5/2022
Arizona,AZ,4,Coconino County,04005,235,4/12/2022
Arizona,AZ,4,Coconino County,04005,235,4/19/2022
Arizona,AZ,4,Coconino County,04005,253,4/26/2022
Arizona,AZ,4,Coconino County,04005,253,5/3/2022
Arizona,AZ,4,Coconino County,04005,255,5/10/2022
Arizona,AZ,4,Coconino County,04005,255,5/17/2022
Arizona,AZ,4,Coconino County,04005,297,5/24/2022
Arizona,AZ,4,Coconino County,04005,297,5/31/2022
Arizona,AZ,4,Coconino County,04005,297,6/7/2022
Arizona,AZ,4,Gila County,04007,0,1/7/2020
Arizona,AZ,4,Gila County,04007,0,1/14/2020
Arizona,AZ,4,Gila County,04007,0,1/21/2020
Arizona,AZ,4,Gila County,04007,0,1/28/2020
Arizona,AZ,4,Gila County,04007,0,2/4/2020
Arizona,AZ,4,Gila County,04007,0,2/11/2020
Arizona,AZ,4,Gila County,04007,2,2/18/2020
Arizona,AZ,4,Gila County,04007,0,2/25/2020
Arizona,AZ,4,Gila County,04007,0,3/3/2020
Arizona,AZ,4,Gila County,04007,0,3/10/2020
Arizona,AZ,4,Gila County,04007,0,3/17/2020
Arizona,AZ,4,Gila County,04007,0,3/24/2020
Arizona,AZ,4,Gila County,04007,0,3/31/2020
Arizona,AZ,4,Gila County,04007,0,4/7/2020
Arizona,AZ,4,Gila County,04007,0,4/14/2020
Arizona,AZ,4,Gila County,04007,0,4/21/2020
Arizona,AZ,4,Gila County,04007,0,4/28/2020
Arizona,AZ,4,Gila County,04007,0,5/5/2020
Arizona,AZ,4,Gila County,04007,0,5/12/2020
Arizona,AZ,4,Gila County,04007,0,5/19/2020
Arizona,AZ,4,Gila County,04007,0,5/26/2020
Arizona,AZ,4,Gila County,04007,0,6/2/2020
Arizona,AZ,4,Gila County,04007,38,6/9/2020
Arizona,AZ,4,Gila County,04007,38,6/16/2020
Arizona,AZ,4,Gila County,04007,38,6/23/2020
Arizona,AZ,4,Gila County,04007,38,6/30/2020
Arizona,AZ,4,Gila County,04007,58,7/7/2020
Arizona,AZ,4,Gila County,04007,76,7/14/2020
Arizona,AZ,4,Gila County,04007,138,7/21/2020
Arizona,AZ,4,Gila County,04007,141,7/28/2020
Arizona,AZ,4,Gila County,04007,229,8/4/2020
Arizona,AZ,4,Gila County,04007,229,8/11/2020
Arizona,AZ,4,Gila County,04007,300,8/18/2020
Arizona,AZ,4,Gila County,04007,396,8/25/2020
Arizona,AZ,4,Gila County,04007,396,9/1/2020
Arizona,AZ,4,Gila County,04007,400,9/8/2020
Arizona,AZ,4,Gila County,04007,400,9/15/2020
Arizona,AZ,4,Gila County,04007,400,9/22/2020
Arizona,AZ,4,Gila County,04007,403,9/29/2020
Arizona,AZ,4,Gila County,04007,406,10/6/2020
Arizona,AZ,4,Gila County,04007,406,10/13/2020
Arizona,AZ,4,Gila County,04007,421,10/20/2020
Arizona,AZ,4,Gila County,04007,421,10/27/2020
Arizona,AZ,4,Gila County,04007,421,11/3/2020
Arizona,AZ,4,Gila County,04007,421,11/10/2020
Arizona,AZ,4,Gila County,04007,435,11/17/2020
Arizona,AZ,4,Gila County,04007,500,11/24/2020
Arizona,AZ,4,Gila County,04007,500,12/1/2020
Arizona,AZ,4,Gila County,04007,500,12/8/2020
Arizona,AZ,4,Gila County,04007,500,12/15/2020
Arizona,AZ,4,Gila County,04007,500,12/22/2020
Arizona,AZ,4,Gila County,04007,500,12/29/2020
Arizona,AZ,4,Gila County,04007,500,1/5/2021
Arizona,AZ,4,Gila County,04007,500,1/12/2021
Arizona,AZ,4,Gila County,04007,500,1/19/2021
Arizona,AZ,4,Gila County,04007,425,1/26/2021
Arizona,AZ,4,Gila County,04007,423,2/2/2021
Arizona,AZ,4,Gila County,04007,423,2/9/2021
Arizona,AZ,4,Gila County,04007,423,2/16/2021
Arizona,AZ,4,Gila County,04007,423,2/23/2021
Arizona,AZ,4,Gila County,04007,423,3/2/2021
Arizona,AZ,4,Gila County,04007,423,3/9/2021
Arizona,AZ,4,Gila County,04007,423,3/16/2021
Arizona,AZ,4,Gila County,04007,423,3/23/2021
Arizona,AZ,4,Gila County,04007,423,3/30/2021
Arizona,AZ,4,Gila County,04007,423,4/6/2021
Arizona,AZ,4,Gila County,04007,423,4/13/2021
Arizona,AZ,4,Gila County,04007,423,4/20/2021
Arizona,AZ,4,Gila County,04007,423,4/27/2021
Arizona,AZ,4,Gila County,04007,423,5/4/2021
Arizona,AZ,4,Gila County,04007,423,5/11/2021
Arizona,AZ,4,Gila County,04007,423,5/18/2021
Arizona,AZ,4,Gila County,04007,423,5/25/2021
Arizona,AZ,4,Gila County,04007,423,6/1/2021
Arizona,AZ,4,Gila County,04007,423,6/8/2021
Arizona,AZ,4,Gila County,04007,423,6/15/2021
Arizona,AZ,4,Gila County,04007,423,6/22/2021
Arizona,AZ,4,Gila County,04007,425,6/29/2021
Arizona,AZ,4,Gila County,04007,425,7/6/2021
Arizona,AZ,4,Gila County,04007,425,7/13/2021
Arizona,AZ,4,Gila County,04007,398,7/20/2021
Arizona,AZ,4,Gila County,04007,300,7/27/2021
Arizona,AZ,4,Gila County,04007,280,8/3/2021
Arizona,AZ,4,Gila County,04007,280,8/10/2021
Arizona,AZ,4,Gila County,04007,200,8/17/2021
Arizona,AZ,4,Gila County,04007,200,8/24/2021
Arizona,AZ,4,Gila County,04007,200,8/31/2021
Arizona,AZ,4,Gila County,04007,194,9/7/2021
Arizona,AZ,4,Gila County,04007,194,9/14/2021
Arizona,AZ,4,Gila County,04007,194,9/21/2021
Arizona,AZ,4,Gila County,04007,180,9/28/2021
Arizona,AZ,4,Gila County,04007,180,10/5/2021
Arizona,AZ,4,Gila County,04007,164,10/12/2021
Arizona,AZ,4,Gila County,04007,164,10/19/2021
Arizona,AZ,4,Gila County,04007,165,10/26/2021
Arizona,AZ,4,Gila County,04007,165,11/2/2021
Arizona,AZ,4,Gila County,04007,165,11/9/2021
Arizona,AZ,4,Gila County,04007,165,11/16/2021
Arizona,AZ,4,Gila County,04007,165,11/23/2021
Arizona,AZ,4,Gila County,04007,165,11/30/2021
Arizona,AZ,4,Gila County,04007,165,12/7/2021
Arizona,AZ,4,Gila County,04007,165,12/14/2021
Arizona,AZ,4,Gila County,04007,163,12/21/2021
Arizona,AZ,4,Gila County,04007,100,12/28/2021
Arizona,AZ,4,Gila County,04007,100,1/4/2022
Arizona,AZ,4,Gila County,04007,100,1/11/2022
Arizona,AZ,4,Gila County,04007,100,1/18/2022
Arizona,AZ,4,Gila County,04007,100,1/25/2022
Arizona,AZ,4,Gila County,04007,100,2/1/2022
Arizona,AZ,4,Gila County,04007,100,2/8/2022
Arizona,AZ,4,Gila County,04007,100,2/15/2022
Arizona,AZ,4,Gila County,04007,100,2/22/2022
Arizona,AZ,4,Gila County,04007,100,3/1/2022
Arizona,AZ,4,Gila County,04007,100,3/8/2022
Arizona,AZ,4,Gila County,04007,100,3/15/2022
Arizona,AZ,4,Gila County,04007,100,3/22/2022
Arizona,AZ,4,Gila County,04007,100,3/29/2022
Arizona,AZ,4,Gila County,04007,129,4/5/2022
Arizona,AZ,4,Gila County,04007,129,4/12/2022
Arizona,AZ,4,Gila County,04007,129,4/19/2022
Arizona,AZ,4,Gila County,04007,200,4/26/2022
Arizona,AZ,4,Gila County,04007,200,5/3/2022
Arizona,AZ,4,Gila County,04007,200,5/10/2022
Arizona,AZ,4,Gila County,04007,200,5/17/2022
Arizona,AZ,4,Gila County,04007,200,5/24/2022
Arizona,AZ,4,Gila County,04007,200,5/31/2022
Arizona,AZ,4,Gila County,04007,200,6/7/2022
Arizona,AZ,4,Graham County,04009,0,1/7/2020
Arizona,AZ,4,Graham County,04009,0,1/14/2020
Arizona,AZ,4,Graham County,04009,0,1/21/2020
Arizona,AZ,4,Graham County,04009,0,1/28/2020
Arizona,AZ,4,Graham County,04009,0,2/4/2020
Arizona,AZ,4,Graham County,04009,0,2/11/2020
Arizona,AZ,4,Graham County,04009,3,2/18/2020
Arizona,AZ,4,Graham County,04009,0,2/25/2020
Arizona,AZ,4,Graham County,04009,0,3/3/2020
Arizona,AZ,4,Graham County,04009,0,3/10/2020
Arizona,AZ,4,Graham County,04009,0,3/17/2020
Arizona,AZ,4,Graham County,04009,0,3/24/2020
Arizona,AZ,4,Graham County,04009,0,3/31/2020
Arizona,AZ,4,Graham County,04009,0,4/7/2020
Arizona,AZ,4,Graham County,04009,0,4/14/2020
Arizona,AZ,4,Graham County,04009,0,4/21/2020
Arizona,AZ,4,Graham County,04009,0,4/28/2020
Arizona,AZ,4,Graham County,04009,0,5/5/2020
Arizona,AZ,4,Graham County,04009,0,5/12/2020
Arizona,AZ,4,Graham County,04009,0,5/19/2020
Arizona,AZ,4,Graham County,04009,0,5/26/2020
Arizona,AZ,4,Graham County,04009,0,6/2/2020
Arizona,AZ,4,Graham County,04009,97,6/9/2020
Arizona,AZ,4,Graham County,04009,97,6/16/2020
Arizona,AZ,4,Graham County,04009,97,6/23/2020
Arizona,AZ,4,Graham County,04009,97,6/30/2020
Arizona,AZ,4,Graham County,04009,100,7/7/2020
Arizona,AZ,4,Graham County,04009,100,7/14/2020
Arizona,AZ,4,Graham County,04009,200,7/21/2020
Arizona,AZ,4,Graham County,04009,253,7/28/2020
Arizona,AZ,4,Graham County,04009,298,8/4/2020
Arizona,AZ,4,Graham County,04009,298,8/11/2020
Arizona,AZ,4,Graham County,04009,300,8/18/2020
Arizona,AZ,4,Graham County,04009,391,8/25/2020
Arizona,AZ,4,Graham County,04009,391,9/1/2020
Arizona,AZ,4,Graham County,04009,400,9/8/2020
Arizona,AZ,4,Graham County,04009,400,9/15/2020
Arizona,AZ,4,Graham County,04009,400,9/22/2020
Arizona,AZ,4,Graham County,04009,400,9/29/2020
Arizona,AZ,4,Graham County,04009,406,10/6/2020
Arizona,AZ,4,Graham County,04009,406,10/13/2020
Arizona,AZ,4,Graham County,04009,433,10/20/2020
Arizona,AZ,4,Graham County,04009,433,10/27/2020
Arizona,AZ,4,Graham County,04009,433,11/3/2020
Arizona,AZ,4,Graham County,04009,433,11/10/2020
Arizona,AZ,4,Graham County,04009,500,11/17/2020
Arizona,AZ,4,Graham County,04009,500,11/24/2020
Arizona,AZ,4,Graham County,04009,500,12/1/2020
Arizona,AZ,4,Graham County,04009,500,12/8/2020
Arizona,AZ,4,Graham County,04009,500,12/15/2020
Arizona,AZ,4,Graham County,04009,500,12/22/2020
Arizona,AZ,4,Graham County,04009,500,12/29/2020
Arizona,AZ,4,Graham County,04009,500,1/5/2021
Arizona,AZ,4,Graham County,04009,500,1/12/2021
Arizona,AZ,4,Graham County,04009,500,1/19/2021
Arizona,AZ,4,Graham County,04009,497,1/26/2021
Arizona,AZ,4,Graham County,04009,497,2/2/2021
Arizona,AZ,4,Graham County,04009,497,2/9/2021
Arizona,AZ,4,Graham County,04009,497,2/16/2021
Arizona,AZ,4,Graham County,04009,497,2/23/2021
Arizona,AZ,4,Graham County,04009,497,3/2/2021
Arizona,AZ,4,Graham County,04009,497,3/9/2021
Arizona,AZ,4,Graham County,04009,497,3/16/2021
Arizona,AZ,4,Graham County,04009,497,3/23/2021
Arizona,AZ,4,Graham County,04009,497,3/30/2021
Arizona,AZ,4,Graham County,04009,497,4/6/2021
Arizona,AZ,4,Graham County,04009,497,4/13/2021
Arizona,AZ,4,Graham County,04009,497,4/20/2021
Arizona,AZ,4,Graham County,04009,497,4/27/2021
Arizona,AZ,4,Graham County,04009,497,5/4/2021
Arizona,AZ,4,Graham County,04009,497,5/11/2021
Arizona,AZ,4,Graham County,04009,497,5/18/2021
Arizona,AZ,4,Graham County,04009,497,5/25/2021
Arizona,AZ,4,Graham County,04009,497,6/1/2021
Arizona,AZ,4,Graham County,04009,497,6/8/2021
Arizona,AZ,4,Graham County,04009,497,6/15/2021
Arizona,AZ,4,Graham County,04009,497,6/22/2021
Arizona,AZ,4,Graham County,04009,497,6/29/2021
Arizona,AZ,4,Graham County,04009,497,7/6/2021
Arizona,AZ,4,Graham County,04009,497,7/13/2021
Arizona,AZ,4,Graham County,04009,456,7/20/2021
Arizona,AZ,4,Graham County,04009,366,7/27/2021
Arizona,AZ,4,Graham County,04009,299,8/3/2021
Arizona,AZ,4,Graham County,04009,299,8/10/2021
Arizona,AZ,4,Graham County,04009,258,8/17/2021
Arizona,AZ,4,Graham County,04009,258,8/24/2021
Arizona,AZ,4,Graham County,04009,259,8/31/2021
Arizona,AZ,4,Graham County,04009,173,9/7/2021
Arizona,AZ,4,Graham County,04009,173,9/14/2021
Arizona,AZ,4,Graham County,04009,173,9/21/2021
Arizona,AZ,4,Graham County,04009,173,9/28/2021
Arizona,AZ,4,Graham County,04009,173,10/5/2021
Arizona,AZ,4,Graham County,04009,173,10/12/2021
Arizona,AZ,4,Graham County,04009,172,10/19/2021
Arizona,AZ,4,Graham County,04009,173,10/26/2021
Arizona,AZ,4,Graham County,04009,173,11/2/2021
Arizona,AZ,4,Graham County,04009,173,11/9/2021
Arizona,AZ,4,Graham County,04009,173,11/16/2021
Arizona,AZ,4,Graham County,04009,173,11/23/2021
Arizona,AZ,4,Graham County,04009,173,11/30/2021
Arizona,AZ,4,Graham County,04009,173,12/7/2021
Arizona,AZ,4,Graham County,04009,172,12/14/2021
Arizona,AZ,4,Graham County,04009,172,12/21/2021
Arizona,AZ,4,Graham County,04009,164,12/28/2021
Arizona,AZ,4,Graham County,04009,163,1/4/2022
Arizona,AZ,4,Graham County,04009,160,1/11/2022
Arizona,AZ,4,Graham County,04009,160,1/18/2022
Arizona,AZ,4,Graham County,04009,160,1/25/2022
Arizona,AZ,4,Graham County,04009,160,2/1/2022
Arizona,AZ,4,Graham County,04009,160,2/8/2022
Arizona,AZ,4,Graham County,04009,160,2/15/2022
Arizona,AZ,4,Graham County,04009,160,2/22/2022
Arizona,AZ,4,Graham County,04009,168,3/1/2022
Arizona,AZ,4,Graham County,04009,168,3/8/2022
Arizona,AZ,4,Graham County,04009,168,3/15/2022
Arizona,AZ,4,Graham County,04009,168,3/22/2022
Arizona,AZ,4,Graham County,04009,168,3/29/2022
Arizona,AZ,4,Graham County,04009,260,4/5/2022
Arizona,AZ,4,Graham County,04009,260,4/12/2022
Arizona,AZ,4,Graham County,04009,260,4/19/2022
Arizona,AZ,4,Graham County,04009,266,4/26/2022
Arizona,AZ,4,Graham County,04009,266,5/3/2022
Arizona,AZ,4,Graham County,04009,265,5/10/2022
Arizona,AZ,4,Graham County,04009,270,5/17/2022
Arizona,AZ,4,Graham County,04009,272,5/24/2022
Arizona,AZ,4,Graham County,04009,272,5/31/2022
Arizona,AZ,4,Graham County,04009,271,6/7/2022
Arizona,AZ,4,Greenlee County,04011,44,1/7/2020
Arizona,AZ,4,Greenlee County,04011,44,1/14/2020
Arizona,AZ,4,Greenlee County,04011,44,1/21/2020
Arizona,AZ,4,Greenlee County,04011,44,1/28/2020
Arizona,AZ,4,Greenlee County,04011,44,2/4/2020
Arizona,AZ,4,Greenlee County,04011,44,2/11/2020
Arizona,AZ,4,Greenlee County,04011,30,2/18/2020
Arizona,AZ,4,Greenlee County,04011,0,2/25/2020
Arizona,AZ,4,Greenlee County,04011,0,3/3/2020
Arizona,AZ,4,Greenlee County,04011,0,3/10/2020
Arizona,AZ,4,Greenlee County,04011,0,3/17/2020
Arizona,AZ,4,Greenlee County,04011,0,3/24/2020
Arizona,AZ,4,Greenlee County,04011,0,3/31/2020
Arizona,AZ,4,Greenlee County,04011,0,4/7/2020
Arizona,AZ,4,Greenlee County,04011,0,4/14/2020
Arizona,AZ,4,Greenlee County,04011,0,4/21/2020
Arizona,AZ,4,Greenlee County,04011,0,4/28/2020
Arizona,AZ,4,Greenlee County,04011,0,5/5/2020
Arizona,AZ,4,Greenlee County,04011,0,5/12/2020
Arizona,AZ,4,Greenlee County,04011,0,5/19/2020
Arizona,AZ,4,Greenlee County,04011,0,5/26/2020
Arizona,AZ,4,Greenlee County,04011,0,6/2/2020
Arizona,AZ,4,Greenlee County,04011,56,6/9/2020
Arizona,AZ,4,Greenlee County,04011,56,6/16/2020
Arizona,AZ,4,Greenlee County,04011,56,6/23/2020
Arizona,AZ,4,Greenlee County,04011,56,6/30/2020
Arizona,AZ,4,Greenlee County,04011,100,7/7/2020
Arizona,AZ,4,Greenlee County,04011,100,7/14/2020
Arizona,AZ,4,Greenlee County,04011,200,7/21/2020
Arizona,AZ,4,Greenlee County,04011,200,7/28/2020
Arizona,AZ,4,Greenlee County,04011,296,8/4/2020
Arizona,AZ,4,Greenlee County,04011,296,8/11/2020
Arizona,AZ,4,Greenlee County,04011,300,8/18/2020
Arizona,AZ,4,Greenlee County,04011,379,8/25/2020
Arizona,AZ,4,Greenlee County,04011,379,9/1/2020
Arizona,AZ,4,Greenlee County,04011,400,9/8/2020
Arizona,AZ,4,Greenlee County,04011,400,9/15/2020
Arizona,AZ,4,Greenlee County,04011,400,9/22/2020
Arizona,AZ,4,Greenlee County,04011,400,9/29/2020
Arizona,AZ,4,Greenlee County,04011,400,10/6/2020
Arizona,AZ,4,Greenlee County,04011,400,10/13/2020
Arizona,AZ,4,Greenlee County,04011,400,10/20/2020
Arizona,AZ,4,Greenlee County,04011,400,10/27/2020
Arizona,AZ,4,Greenlee County,04011,400,11/3/2020
Arizona,AZ,4,Greenlee County,04011,400,11/10/2020
Arizona,AZ,4,Greenlee County,04011,500,11/17/2020
Arizona,AZ,4,Greenlee County,04011,500,11/24/2020
Arizona,AZ,4,Greenlee County,04011,500,12/1/2020
Arizona,AZ,4,Greenlee County,04011,500,12/8/2020
Arizona,AZ,4,Greenlee County,04011,500,12/15/2020
Arizona,AZ,4,Greenlee County,04011,500,12/22/2020
Arizona,AZ,4,Greenlee County,04011,500,12/29/2020
Arizona,AZ,4,Greenlee County,04011,500,1/5/2021
Arizona,AZ,4,Greenlee County,04011,500,1/12/2021
Arizona,AZ,4,Greenlee County,04011,500,1/19/2021
Arizona,AZ,4,Greenlee County,04011,497,1/26/2021
Arizona,AZ,4,Greenlee County,04011,497,2/2/2021
Arizona,AZ,4,Greenlee County,04011,497,2/9/2021
Arizona,AZ,4,Greenlee County,04011,497,2/16/2021
Arizona,AZ,4,Greenlee County,04011,497,2/23/2021
Arizona,AZ,4,Greenlee County,04011,497,3/2/2021
Arizona,AZ,4,Greenlee County,04011,497,3/9/2021
Arizona,AZ,4,Greenlee County,04011,497,3/16/2021
Arizona,AZ,4,Greenlee County,04011,497,3/23/2021
Arizona,AZ,4,Greenlee County,04011,497,3/30/2021
Arizona,AZ,4,Greenlee County,04011,497,4/6/2021
Arizona,AZ,4,Greenlee County,04011,497,4/13/2021
Arizona,AZ,4,Greenlee County,04011,497,4/20/2021
Arizona,AZ,4,Greenlee County,04011,497,4/27/2021
Arizona,AZ,4,Greenlee County,04011,497,5/4/2021
Arizona,AZ,4,Greenlee County,04011,497,5/11/2021
Arizona,AZ,4,Greenlee County,04011,497,5/18/2021
Arizona,AZ,4,Greenlee County,04011,497,5/25/2021
Arizona,AZ,4,Greenlee County,04011,497,6/1/2021
Arizona,AZ,4,Greenlee County,04011,497,6/8/2021
Arizona,AZ,4,Greenlee County,04011,497,6/15/2021
Arizona,AZ,4,Greenlee County,04011,497,6/22/2021
Arizona,AZ,4,Greenlee County,04011,497,6/29/2021
Arizona,AZ,4,Greenlee County,04011,497,7/6/2021
Arizona,AZ,4,Greenlee County,04011,497,7/13/2021
Arizona,AZ,4,Greenlee County,04011,483,7/20/2021
Arizona,AZ,4,Greenlee County,04011,394,7/27/2021
Arizona,AZ,4,Greenlee County,04011,313,8/3/2021
Arizona,AZ,4,Greenlee County,04011,313,8/10/2021
Arizona,AZ,4,Greenlee County,04011,283,8/17/2021
Arizona,AZ,4,Greenlee County,04011,283,8/24/2021
Arizona,AZ,4,Greenlee County,04011,284,8/31/2021
Arizona,AZ,4,Greenlee County,04011,203,9/7/2021
Arizona,AZ,4,Greenlee County,04011,203,9/14/2021
Arizona,AZ,4,Greenlee County,04011,203,9/21/2021
Arizona,AZ,4,Greenlee County,04011,203,9/28/2021
Arizona,AZ,4,Greenlee County,04011,202,10/5/2021
Arizona,AZ,4,Greenlee County,04011,202,10/12/2021
Arizona,AZ,4,Greenlee County,04011,200,10/19/2021
Arizona,AZ,4,Greenlee County,04011,200,10/26/2021
Arizona,AZ,4,Greenlee County,04011,200,11/2/2021
Arizona,AZ,4,Greenlee County,04011,200,11/9/2021
Arizona,AZ,4,Greenlee County,04011,200,11/16/2021
Arizona,AZ,4,Greenlee County,04011,200,11/23/2021
Arizona,AZ,4,Greenlee County,04011,200,11/30/2021
Arizona,AZ,4,Greenlee County,04011,200,12/7/2021
Arizona,AZ,4,Greenlee County,04011,200,12/14/2021
Arizona,AZ,4,Greenlee County,04011,199,12/21/2021
Arizona,AZ,4,Greenlee County,04011,200,12/28/2021
Arizona,AZ,4,Greenlee County,04011,199,1/4/2022
Arizona,AZ,4,Greenlee County,04011,197,1/11/2022
Arizona,AZ,4,Greenlee County,04011,197,1/18/2022
Arizona,AZ,4,Greenlee County,04011,197,1/25/2022
Arizona,AZ,4,Greenlee County,04011,197,2/1/2022
Arizona,AZ,4,Greenlee County,04011,197,2/8/2022
Arizona,AZ,4,Greenlee County,04011,197,2/15/2022
Arizona,AZ,4,Greenlee County,04011,197,2/22/2022
Arizona,AZ,4,Greenlee County,04011,214,3/1/2022
Arizona,AZ,4,Greenlee County,04011,214,3/8/2022
Arizona,AZ,4,Greenlee County,04011,214,3/15/2022
Arizona,AZ,4,Greenlee County,04011,214,3/22/2022
Arizona,AZ,4,Greenlee County,04011,214,3/29/2022
Arizona,AZ,4,Greenlee County,04011,300,4/5/2022
Arizona,AZ,4,Greenlee County,04011,300,4/12/2022
Arizona,AZ,4,Greenlee County,04011,300,4/19/2022
Arizona,AZ,4,Greenlee County,04011,300,4/26/2022
Arizona,AZ,4,Greenlee County,04011,300,5/3/2022
Arizona,AZ,4,Greenlee County,04011,300,5/10/2022
Arizona,AZ,4,Greenlee County,04011,300,5/17/2022
Arizona,AZ,4,Greenlee County,04011,300,5/24/2022
Arizona,AZ,4,Greenlee County,04011,300,5/31/2022
Arizona,AZ,4,Greenlee County,04011,300,6/7/2022
Arizona,AZ,4,La Paz County,04012,0,1/7/2020
Arizona,AZ,4,La Paz County,04012,0,1/14/2020
Arizona,AZ,4,La Paz County,04012,0,1/21/2020
Arizona,AZ,4,La Paz County,04012,0,1/28/2020
Arizona,AZ,4,La Paz County,04012,0,2/4/2020
Arizona,AZ,4,La Paz County,04012,0,2/11/2020
Arizona,AZ,4,La Paz County,04012,0,2/18/2020
Arizona,AZ,4,La Paz County,04012,0,2/25/2020
Arizona,AZ,4,La Paz County,04012,0,3/3/2020
Arizona,AZ,4,La Paz County,04012,0,3/10/2020
Arizona,AZ,4,La Paz County,04012,0,3/17/2020
Arizona,AZ,4,La Paz County,04012,0,3/24/2020
Arizona,AZ,4,La Paz County,04012,0,3/31/2020
Arizona,AZ,4,La Paz County,04012,0,4/7/2020
Arizona,AZ,4,La Paz County,04012,0,4/14/2020
Arizona,AZ,4,La Paz County,04012,0,4/21/2020
Arizona,AZ,4,La Paz County,04012,0,4/28/2020
Arizona,AZ,4,La Paz County,04012,0,5/5/2020
Arizona,AZ,4,La Paz County,04012,0,5/12/2020
Arizona,AZ,4,La Paz County,04012,0,5/19/2020
Arizona,AZ,4,La Paz County,04012,0,5/26/2020
Arizona,AZ,4,La Paz County,04012,0,6/2/2020
Arizona,AZ,4,La Paz County,04012,0,6/9/2020
Arizona,AZ,4,La Paz County,04012,0,6/16/2020
Arizona,AZ,4,La Paz County,04012,0,6/23/2020
Arizona,AZ,4,La Paz County,04012,0,6/30/2020
Arizona,AZ,4,La Paz County,04012,0,7/7/2020
Arizona,AZ,4,La Paz County,04012,0,7/14/2020
Arizona,AZ,4,La Paz County,04012,0,7/21/2020
Arizona,AZ,4,La Paz County,04012,0,7/28/2020
Arizona,AZ,4,La Paz County,04012,69,8/4/2020
Arizona,AZ,4,La Paz County,04012,69,8/11/2020
Arizona,AZ,4,La Paz County,04012,138,8/18/2020
Arizona,AZ,4,La Paz County,04012,186,8/25/2020
Arizona,AZ,4,La Paz County,04012,185,9/1/2020
Arizona,AZ,4,La Paz County,04012,227,9/8/2020
Arizona,AZ,4,La Paz County,04012,269,9/15/2020
Arizona,AZ,4,La Paz County,04012,269,9/22/2020
Arizona,AZ,4,La Paz County,04012,269,9/29/2020
Arizona,AZ,4,La Paz County,04012,269,10/6/2020
Arizona,AZ,4,La Paz County,04012,269,10/13/2020
Arizona,AZ,4,La Paz County,04012,269,10/20/2020
Arizona,AZ,4,La Paz County,04012,269,10/27/2020
Arizona,AZ,4,La Paz County,04012,269,11/3/2020
Arizona,AZ,4,La Paz County,04012,270,11/10/2020
Arizona,AZ,4,La Paz County,04012,270,11/17/2020
Arizona,AZ,4,La Paz County,04012,365,11/24/2020
Arizona,AZ,4,La Paz County,04012,365,12/1/2020
Arizona,AZ,4,La Paz County,04012,365,12/8/2020
Arizona,AZ,4,La Paz County,04012,388,12/15/2020
Arizona,AZ,4,La Paz County,04012,388,12/22/2020
Arizona,AZ,4,La Paz County,04012,388,12/29/2020
Arizona,AZ,4,La Paz County,04012,388,1/5/2021
Arizona,AZ,4,La Paz County,04012,388,1/12/2021
Arizona,AZ,4,La Paz County,04012,388,1/19/2021
Arizona,AZ,4,La Paz County,04012,383,1/26/2021
Arizona,AZ,4,La Paz County,04012,361,2/2/2021
Arizona,AZ,4,La Paz County,04012,361,2/9/2021
Arizona,AZ,4,La Paz County,04012,361,2/16/2021
Arizona,AZ,4,La Paz County,04012,361,2/23/2021
Arizona,AZ,4,La Paz County,04012,361,3/2/2021
Arizona,AZ,4,La Paz County,04012,361,3/9/2021
Arizona,AZ,4,La Paz County,04012,361,3/16/2021
Arizona,AZ,4,La Paz County,04012,381,3/23/2021
Arizona,AZ,4,La Paz County,04012,381,3/30/2021
Arizona,AZ,4,La Paz County,04012,381,4/6/2021
Arizona,AZ,4,La Paz County,04012,381,4/13/2021
Arizona,AZ,4,La Paz County,04012,381,4/20/2021
Arizona,AZ,4,La Paz County,04012,381,4/27/2021
Arizona,AZ,4,La Paz County,04012,381,5/4/2021
Arizona,AZ,4,La Paz County,04012,382,5/11/2021
Arizona,AZ,4,La Paz County,04012,382,5/18/2021
Arizona,AZ,4,La Paz County,04012,382,5/25/2021
Arizona,AZ,4,La Paz County,04012,382,6/1/2021
Arizona,AZ,4,La Paz County,04012,382,6/8/2021
Arizona,AZ,4,La Paz County,04012,382,6/15/2021
Arizona,AZ,4,La Paz County,04012,382,6/22/2021
Arizona,AZ,4,La Paz County,04012,382,6/29/2021
Arizona,AZ,4,La Paz County,04012,382,7/6/2021
Arizona,AZ,4,La Paz County,04012,382,7/13/2021
Arizona,AZ,4,La Paz County,04012,382,7/20/2021
Arizona,AZ,4,La Paz County,04012,382,7/27/2021
Arizona,AZ,4,La Paz County,04012,333,8/3/2021
Arizona,AZ,4,La Paz County,04012,333,8/10/2021
Arizona,AZ,4,La Paz County,04012,298,8/17/2021
Arizona,AZ,4,La Paz County,04012,297,8/24/2021
Arizona,AZ,4,La Paz County,04012,296,8/31/2021
Arizona,AZ,4,La Paz County,04012,222,9/7/2021
Arizona,AZ,4,La Paz County,04012,222,9/14/2021
Arizona,AZ,4,La Paz County,04012,222,9/21/2021
Arizona,AZ,4,La Paz County,04012,222,9/28/2021
Arizona,AZ,4,La Paz County,04012,222,10/5/2021
Arizona,AZ,4,La Paz County,04012,222,10/12/2021
Arizona,AZ,4,La Paz County,04012,221,10/19/2021
Arizona,AZ,4,La Paz County,04012,221,10/26/2021
Arizona,AZ,4,La Paz County,04012,221,11/2/2021
Arizona,AZ,4,La Paz County,04012,221,11/9/2021
Arizona,AZ,4,La Paz County,04012,221,11/16/2021
Arizona,AZ,4,La Paz County,04012,221,11/23/2021
Arizona,AZ,4,La Paz County,04012,221,11/30/2021
Arizona,AZ,4,La Paz County,04012,221,12/7/2021
Arizona,AZ,4,La Paz County,04012,221,12/14/2021
Arizona,AZ,4,La Paz County,04012,221,12/21/2021
Arizona,AZ,4,La Paz County,04012,218,12/28/2021
Arizona,AZ,4,La Paz County,04012,217,1/4/2022
Arizona,AZ,4,La Paz County,04012,218,1/11/2022
Arizona,AZ,4,La Paz County,04012,218,1/18/2022
Arizona,AZ,4,La Paz County,04012,218,1/25/2022
Arizona,AZ,4,La Paz County,04012,218,2/1/2022
Arizona,AZ,4,La Paz County,04012,218,2/8/2022
Arizona,AZ,4,La Paz County,04012,218,2/15/2022
Arizona,AZ,4,La Paz County,04012,218,2/22/2022
Arizona,AZ,4,La Paz County,04012,267,3/1/2022
Arizona,AZ,4,La Paz County,04012,267,3/8/2022
Arizona,AZ,4,La Paz County,04012,267,3/15/2022
Arizona,AZ,4,La Paz County,04012,267,3/22/2022
Arizona,AZ,4,La Paz County,04012,267,3/29/2022
Arizona,AZ,4,La Paz County,04012,302,4/5/2022
Arizona,AZ,4,La Paz County,04012,302,4/12/2022
Arizona,AZ,4,La Paz County,04012,302,4/19/2022
Arizona,AZ,4,La Paz County,04012,302,4/26/2022
Arizona,AZ,4,La Paz County,04012,302,5/3/2022
Arizona,AZ,4,La Paz County,04012,351,5/10/2022
Arizona,AZ,4,La Paz County,04012,351,5/17/2022
Arizona,AZ,4,La Paz County,04012,351,5/24/2022
Arizona,AZ,4,La Paz County,04012,351,5/31/2022
Arizona,AZ,4,La Paz County,04012,351,6/7/2022
Arizona,AZ,4,Maricopa County,04013,0,1/7/2020
Arizona,AZ,4,Maricopa County,04013,0,1/14/2020
Arizona,AZ,4,Maricopa County,04013,0,1/21/2020
Arizona,AZ,4,Maricopa County,04013,0,1/28/2020
Arizona,AZ,4,Maricopa County,04013,0,2/4/2020
Arizona,AZ,4,Maricopa County,04013,0,2/11/2020
Arizona,AZ,4,Maricopa County,04013,0,2/18/2020
Arizona,AZ,4,Maricopa County,04013,0,2/25/2020
Arizona,AZ,4,Maricopa County,04013,0,3/3/2020
Arizona,AZ,4,Maricopa County,04013,0,3/10/2020
Arizona,AZ,4,Maricopa County,04013,0,3/17/2020
Arizona,AZ,4,Maricopa County,04013,0,3/24/2020
Arizona,AZ,4,Maricopa County,04013,0,3/31/2020
Arizona,AZ,4,Maricopa County,04013,0,4/7/2020
Arizona,AZ,4,Maricopa County,04013,0,4/14/2020
Arizona,AZ,4,Maricopa County,04013,0,4/21/2020
Arizona,AZ,4,Maricopa County,04013,0,4/28/2020
Arizona,AZ,4,Maricopa County,04013,0,5/5/2020
Arizona,AZ,4,Maricopa County,04013,0,5/12/2020
Arizona,AZ,4,Maricopa County,04013,0,5/19/2020
Arizona,AZ,4,Maricopa County,04013,0,5/26/2020
Arizona,AZ,4,Maricopa County,04013,0,6/2/2020
Arizona,AZ,4,Maricopa County,04013,3,6/9/2020
Arizona,AZ,4,Maricopa County,04013,3,6/16/2020
Arizona,AZ,4,Maricopa County,04013,3,6/23/2020
Arizona,AZ,4,Maricopa County,04013,3,6/30/2020
Arizona,AZ,4,Maricopa County,04013,23,7/7/2020
Arizona,AZ,4,Maricopa County,04013,25,7/14/2020
Arizona,AZ,4,Maricopa County,04013,104,7/21/2020
Arizona,AZ,4,Maricopa County,04013,159,7/28/2020
Arizona,AZ,4,Maricopa County,04013,220,8/4/2020
Arizona,AZ,4,Maricopa County,04013,221,8/11/2020
Arizona,AZ,4,Maricopa County,04013,272,8/18/2020
Arizona,AZ,4,Maricopa County,04013,309,8/25/2020
Arizona,AZ,4,Maricopa County,04013,308,9/1/2020
Arizona,AZ,4,Maricopa County,04013,346,9/8/2020
Arizona,AZ,4,Maricopa County,04013,346,9/15/2020
Arizona,AZ,4,Maricopa County,04013,346,9/22/2020
Arizona,AZ,4,Maricopa County,04013,368,9/29/2020
Arizona,AZ,4,Maricopa County,04013,370,10/6/2020
Arizona,AZ,4,Maricopa County,04013,370,10/13/2020
Arizona,AZ,4,Maricopa County,04013,370,10/20/2020
Arizona,AZ,4,Maricopa County,04013,370,10/27/2020
Arizona,AZ,4,Maricopa County,04013,370,11/3/2020
Arizona,AZ,4,Maricopa County,04013,370,11/10/2020
Arizona,AZ,4,Maricopa County,04013,370,11/17/2020
Arizona,AZ,4,Maricopa County,04013,418,11/24/2020
Arizona,AZ,4,Maricopa County,04013,418,12/1/2020
Arizona,AZ,4,Maricopa County,04013,418,12/8/2020
Arizona,AZ,4,Maricopa County,04013,399,12/15/2020
Arizona,AZ,4,Maricopa County,04013,399,12/22/2020
Arizona,AZ,4,Maricopa County,04013,399,12/29/2020
Arizona,AZ,4,Maricopa County,04013,399,1/5/2021
Arizona,AZ,4,Maricopa County,04013,399,1/12/2021
Arizona,AZ,4,Maricopa County,04013,399,1/19/2021
Arizona,AZ,4,Maricopa County,04013,389,1/26/2021
Arizona,AZ,4,Maricopa County,04013,371,2/2/2021
Arizona,AZ,4,Maricopa County,04013,371,2/9/2021
Arizona,AZ,4,Maricopa County,04013,371,2/16/2021
Arizona,AZ,4,Maricopa County,04013,372,2/23/2021
Arizona,AZ,4,Maricopa County,04013,372,3/2/2021
Arizona,AZ,4,Maricopa County,04013,372,3/9/2021
Arizona,AZ,4,Maricopa County,04013,372,3/16/2021
Arizona,AZ,4,Maricopa County,04013,372,3/23/2021
Arizona,AZ,4,Maricopa County,04013,372,3/30/2021
Arizona,AZ,4,Maricopa County,04013,372,4/6/2021
Arizona,AZ,4,Maricopa County,04013,372,4/13/2021
Arizona,AZ,4,Maricopa County,04013,372,4/20/2021
Arizona,AZ,4,Maricopa County,04013,372,4/27/2021
Arizona,AZ,4,Maricopa County,04013,372,5/4/2021
Arizona,AZ,4,Maricopa County,04013,372,5/11/2021
Arizona,AZ,4,Maricopa County,04013,372,5/18/2021
Arizona,AZ,4,Maricopa County,04013,372,5/25/2021
Arizona,AZ,4,Maricopa County,04013,372,6/1/2021
Arizona,AZ,4,Maricopa County,04013,372,6/8/2021
Arizona,AZ,4,Maricopa County,04013,372,6/15/2021
Arizona,AZ,4,Maricopa County,04013,372,6/22/2021
Arizona,AZ,4,Maricopa County,04013,372,6/29/2021
Arizona,AZ,4,Maricopa County,04013,372,7/6/2021
Arizona,AZ,4,Maricopa County,04013,371,7/13/2021
Arizona,AZ,4,Maricopa County,04013,365,7/20/2021
Arizona,AZ,4,Maricopa County,04013,300,7/27/2021
Arizona,AZ,4,Maricopa County,04013,286,8/3/2021
Arizona,AZ,4,Maricopa County,04013,286,8/10/2021
Arizona,AZ,4,Maricopa County,04013,211,8/17/2021
Arizona,AZ,4,Maricopa County,04013,211,8/24/2021
Arizona,AZ,4,Maricopa County,04013,211,8/31/2021
Arizona,AZ,4,Maricopa County,04013,192,9/7/2021
Arizona,AZ,4,Maricopa County,04013,192,9/14/2021
Arizona,AZ,4,Maricopa County,04013,192,9/21/2021
Arizona,AZ,4,Maricopa County,04013,162,9/28/2021
Arizona,AZ,4,Maricopa County,04013,162,10/5/2021
Arizona,AZ,4,Maricopa County,04013,162,10/12/2021
Arizona,AZ,4,Maricopa County,04013,162,10/19/2021
Arizona,AZ,4,Maricopa County,04013,162,10/26/2021
Arizona,AZ,4,Maricopa County,04013,162,11/2/2021
Arizona,AZ,4,Maricopa County,04013,162,11/9/2021
Arizona,AZ,4,Maricopa County,04013,162,11/16/2021
Arizona,AZ,4,Maricopa County,04013,162,11/23/2021
Arizona,AZ,4,Maricopa County,04013,162,11/30/2021
Arizona,AZ,4,Maricopa County,04013,162,12/7/2021
Arizona,AZ,4,Maricopa County,04013,162,12/14/2021
Arizona,AZ,4,Maricopa County,04013,163,12/21/2021
Arizona,AZ,4,Maricopa County,04013,121,12/28/2021
Arizona,AZ,4,Maricopa County,04013,121,1/4/2022
Arizona,AZ,4,Maricopa County,04013,122,1/11/2022
Arizona,AZ,4,Maricopa County,04013,122,1/18/2022
Arizona,AZ,4,Maricopa County,04013,122,1/25/2022
Arizona,AZ,4,Maricopa County,04013,122,2/1/2022
Arizona,AZ,4,Maricopa County,04013,122,2/8/2022
Arizona,AZ,4,Maricopa County,04013,122,2/15/2022
Arizona,AZ,4,Maricopa County,04013,122,2/22/2022
Arizona,AZ,4,Maricopa County,04013,168,3/1/2022
Arizona,AZ,4,Maricopa County,04013,168,3/8/2022
Arizona,AZ,4,Maricopa County,04013,168,3/15/2022
Arizona,AZ,4,Maricopa County,04013,168,3/22/2022
Arizona,AZ,4,Maricopa County,04013,169,3/29/2022
Arizona,AZ,4,Maricopa County,04013,211,4/5/2022
Arizona,AZ,4,Maricopa County,04013,211,4/12/2022
Arizona,AZ,4,Maricopa County,04013,211,4/19/2022
Arizona,AZ,4,Maricopa County,04013,230,4/26/2022
Arizona,AZ,4,Maricopa County,04013,230,5/3/2022
Arizona,AZ,4,Maricopa County,04013,230,5/10/2022
Arizona,AZ,4,Maricopa County,04013,247,5/17/2022
Arizona,AZ,4,Maricopa County,04013,285,5/24/2022
Arizona,AZ,4,Maricopa County,04013,285,5/31/2022
Arizona,AZ,4,Maricopa County,04013,286,6/7/2022
Arizona,AZ,4,Mohave County,04015,28,1/7/2020
Arizona,AZ,4,Mohave County,04015,28,1/14/2020
Arizona,AZ,4,Mohave County,04015,28,1/21/2020
Arizona,AZ,4,Mohave County,04015,28,1/28/2020
Arizona,AZ,4,Mohave County,04015,28,2/4/2020
Arizona,AZ,4,Mohave County,04015,30,2/11/2020
Arizona,AZ,4,Mohave County,04015,30,2/18/2020
Arizona,AZ,4,Mohave County,04015,26,2/25/2020
Arizona,AZ,4,Mohave County,04015,26,3/3/2020
Arizona,AZ,4,Mohave County,04015,26,3/10/2020
Arizona,AZ,4,Mohave County,04015,11,3/17/2020
Arizona,AZ,4,Mohave County,04015,10,3/24/2020
Arizona,AZ,4,Mohave County,04015,2,3/31/2020
Arizona,AZ,4,Mohave County,04015,2,4/7/2020
Arizona,AZ,4,Mohave County,04015,2,4/14/2020
Arizona,AZ,4,Mohave County,04015,2,4/21/2020
Arizona,AZ,4,Mohave County,04015,2,4/28/2020
Arizona,AZ,4,Mohave County,04015,2,5/5/2020
Arizona,AZ,4,Mohave County,04015,2,5/12/2020
Arizona,AZ,4,Mohave County,04015,2,5/19/2020
Arizona,AZ,4,Mohave County,04015,2,5/26/2020
Arizona,AZ,4,Mohave County,04015,2,6/2/2020
Arizona,AZ,4,Mohave County,04015,9,6/9/2020
Arizona,AZ,4,Mohave County,04015,9,6/16/2020
Arizona,AZ,4,Mohave County,04015,9,6/23/2020
Arizona,AZ,4,Mohave County,04015,9,6/30/2020
Arizona,AZ,4,Mohave County,04015,9,7/7/2020
Arizona,AZ,4,Mohave County,04015,10,7/14/2020
Arizona,AZ,4,Mohave County,04015,75,7/21/2020
Arizona,AZ,4,Mohave County,04015,98,7/28/2020
Arizona,AZ,4,Mohave County,04015,174,8/4/2020
Arizona,AZ,4,Mohave County,04015,174,8/11/2020
Arizona,AZ,4,Mohave County,04015,273,8/18/2020
Arizona,AZ,4,Mohave County,04015,366,8/25/2020
Arizona,AZ,4,Mohave County,04015,366,9/1/2020
Arizona,AZ,4,Mohave County,04015,386,9/8/2020
Arizona,AZ,4,Mohave County,04015,394,9/15/2020
Arizona,AZ,4,Mohave County,04015,394,9/22/2020
Arizona,AZ,4,Mohave County,04015,394,9/29/2020
Arizona,AZ,4,Mohave County,04015,394,10/6/2020
Arizona,AZ,4,Mohave County,04015,394,10/13/2020
Arizona,AZ,4,Mohave County,04015,394,10/20/2020
Arizona,AZ,4,Mohave County,04015,394,10/27/2020
Arizona,AZ,4,Mohave County,04015,394,11/3/2020
Arizona,AZ,4,Mohave County,04015,399,11/10/2020
Arizona,AZ,4,Mohave County,04015,399,11/17/2020
Arizona,AZ,4,Mohave County,04015,492,11/24/2020
Arizona,AZ,4,Mohave County,04015,492,12/1/2020
Arizona,AZ,4,Mohave County,04015,492,12/8/2020
Arizona,AZ,4,Mohave County,04015,497,12/15/2020
Arizona,AZ,4,Mohave County,04015,497,12/22/2020
Arizona,AZ,4,Mohave County,04015,497,12/29/2020
Arizona,AZ,4,Mohave County,04015,497,1/5/2021
Arizona,AZ,4,Mohave County,04015,497,1/12/2021
Arizona,AZ,4,Mohave County,04015,497,1/19/2021
Arizona,AZ,4,Mohave County,04015,494,1/26/2021
Arizona,AZ,4,Mohave County,04015,487,2/2/2021
Arizona,AZ,4,Mohave County,04015,487,2/9/2021
Arizona,AZ,4,Mohave County,04015,487,2/16/2021
Arizona,AZ,4,Mohave County,04015,487,2/23/2021
Arizona,AZ,4,Mohave County,04015,487,3/2/2021
Arizona,AZ,4,Mohave County,04015,487,3/9/2021
Arizona,AZ,4,Mohave County,04015,487,3/16/2021
Arizona,AZ,4,Mohave County,04015,491,3/23/2021
Arizona,AZ,4,Mohave County,04015,491,3/30/2021
Arizona,AZ,4,Mohave County,04015,491,4/6/2021
Arizona,AZ,4,Mohave County,04015,491,4/13/2021
Arizona,AZ,4,Mohave County,04015,491,4/20/2021
Arizona,AZ,4,Mohave County,04015,491,4/27/2021
Arizona,AZ,4,Mohave County,04015,491,5/4/2021
Arizona,AZ,4,Mohave County,04015,491,5/11/2021
Arizona,AZ,4,Mohave County,04015,491,5/18/2021
Arizona,AZ,4,Mohave County,04015,491,5/25/2021
Arizona,AZ,4,Mohave County,04015,491,6/1/2021
Arizona,AZ,4,Mohave County,04015,491,6/8/2021
Arizona,AZ,4,Mohave County,04015,491,6/15/2021
Arizona,AZ,4,Mohave County,04015,491,6/22/2021
Arizona,AZ,4,Mohave County,04015,491,6/29/2021
Arizona,AZ,4,Mohave County,04015,491,7/6/2021
Arizona,AZ,4,Mohave County,04015,491,7/13/2021
Arizona,AZ,4,Mohave County,04015,471,7/20/2021
Arizona,AZ,4,Mohave County,04015,429,7/27/2021
Arizona,AZ,4,Mohave County,04015,412,8/3/2021
Arizona,AZ,4,Mohave County,04015,412,8/10/2021
Arizona,AZ,4,Mohave County,04015,411,8/17/2021
Arizona,AZ,4,Mohave County,04015,354,8/24/2021
Arizona,AZ,4,Mohave County,04015,354,8/31/2021
Arizona,AZ,4,Mohave County,04015,331,9/7/2021
Arizona,AZ,4,Mohave County,04015,331,9/14/2021
Arizona,AZ,4,Mohave County,04015,331,9/21/2021
Arizona,AZ,4,Mohave County,04015,331,9/28/2021
Arizona,AZ,4,Mohave County,04015,331,10/5/2021
Arizona,AZ,4,Mohave County,04015,330,10/12/2021
Arizona,AZ,4,Mohave County,04015,330,10/19/2021
Arizona,AZ,4,Mohave County,04015,330,10/26/2021
Arizona,AZ,4,Mohave County,04015,330,11/2/2021
Arizona,AZ,4,Mohave County,04015,330,11/9/2021
Arizona,AZ,4,Mohave County,04015,330,11/16/2021
Arizona,AZ,4,Mohave County,04015,330,11/23/2021
Arizona,AZ,4,Mohave County,04015,330,11/30/2021
Arizona,AZ,4,Mohave County,04015,330,12/7/2021
Arizona,AZ,4,Mohave County,04015,330,12/14/2021
Arizona,AZ,4,Mohave County,04015,330,12/21/2021
Arizona,AZ,4,Mohave County,04015,255,12/28/2021
Arizona,AZ,4,Mohave County,04015,255,1/4/2022
Arizona,AZ,4,Mohave County,04015,254,1/11/2022
Arizona,AZ,4,Mohave County,04015,254,1/18/2022
Arizona,AZ,4,Mohave County,04015,254,1/25/2022
Arizona,AZ,4,Mohave County,04015,254,2/1/2022
Arizona,AZ,4,Mohave County,04015,254,2/8/2022
Arizona,AZ,4,Mohave County,04015,255,2/15/2022
Arizona,AZ,4,Mohave County,04015,255,2/22/2022
Arizona,AZ,4,Mohave County,04015,278,3/1/2022
Arizona,AZ,4,Mohave County,04015,278,3/8/2022
Arizona,AZ,4,Mohave County,04015,278,3/15/2022
Arizona,AZ,4,Mohave County,04015,278,3/22/2022
Arizona,AZ,4,Mohave County,04015,278,3/29/2022
Arizona,AZ,4,Mohave County,04015,309,4/5/2022
Arizona,AZ,4,Mohave County,04015,309,4/12/2022
Arizona,AZ,4,Mohave County,04015,309,4/19/2022
Arizona,AZ,4,Mohave County,04015,309,4/26/2022
Arizona,AZ,4,Mohave County,04015,343,5/3/2022
Arizona,AZ,4,Mohave County,04015,383,5/10/2022
Arizona,AZ,4,Mohave County,04015,409,5/17/2022
Arizona,AZ,4,Mohave County,04015,421,5/24/2022
Arizona,AZ,4,Mohave County,04015,421,5/31/2022
Arizona,AZ,4,Mohave County,04015,421,6/7/2022
Arizona,AZ,4,Navajo County,04017,183,1/7/2020
Arizona,AZ,4,Navajo County,04017,183,1/14/2020
Arizona,AZ,4,Navajo County,04017,183,1/21/2020
Arizona,AZ,4,Navajo County,04017,183,1/28/2020
Arizona,AZ,4,Navajo County,04017,183,2/4/2020
Arizona,AZ,4,Navajo County,04017,183,2/11/2020
Arizona,AZ,4,Navajo County,04017,208,2/18/2020
Arizona,AZ,4,Navajo County,04017,192,2/25/2020
Arizona,AZ,4,Navajo County,04017,192,3/3/2020
Arizona,AZ,4,Navajo County,04017,192,3/10/2020
Arizona,AZ,4,Navajo County,04017,192,3/17/2020
Arizona,AZ,4,Navajo County,04017,192,3/24/2020
Arizona,AZ,4,Navajo County,04017,166,3/31/2020
Arizona,AZ,4,Navajo County,04017,166,4/7/2020
Arizona,AZ,4,Navajo County,04017,132,4/14/2020
Arizona,AZ,4,Navajo County,04017,132,4/21/2020
Arizona,AZ,4,Navajo County,04017,132,4/28/2020
Arizona,AZ,4,Navajo County,04017,132,5/5/2020
Arizona,AZ,4,Navajo County,04017,134,5/12/2020
Arizona,AZ,4,Navajo County,04017,134,5/19/2020
Arizona,AZ,4,Navajo County,04017,134,5/26/2020
Arizona,AZ,4,Navajo County,04017,134,6/2/2020
Arizona,AZ,4,Navajo County,04017,134,6/9/2020
Arizona,AZ,4,Navajo County,04017,134,6/16/2020
Arizona,AZ,4,Navajo County,04017,134,6/23/2020
Arizona,AZ,4,Navajo County,04017,134,6/30/2020
Arizona,AZ,4,Navajo County,04017,135,7/7/2020
Arizona,AZ,4,Navajo County,04017,141,7/14/2020
Arizona,AZ,4,Navajo County,04017,181,7/21/2020
Arizona,AZ,4,Navajo County,04017,181,7/28/2020
Arizona,AZ,4,Navajo County,04017,234,8/4/2020
Arizona,AZ,4,Navajo County,04017,234,8/11/2020
Arizona,AZ,4,Navajo County,04017,278,8/18/2020
Arizona,AZ,4,Navajo County,04017,323,8/25/2020
Arizona,AZ,4,Navajo County,04017,323,9/1/2020
Arizona,AZ,4,Navajo County,04017,337,9/8/2020
Arizona,AZ,4,Navajo County,04017,337,9/15/2020
Arizona,AZ,4,Navajo County,04017,337,9/22/2020
Arizona,AZ,4,Navajo County,04017,376,9/29/2020
Arizona,AZ,4,Navajo County,04017,385,10/6/2020
Arizona,AZ,4,Navajo County,04017,385,10/13/2020
Arizona,AZ,4,Navajo County,04017,400,10/20/2020
Arizona,AZ,4,Navajo County,04017,400,10/27/2020
Arizona,AZ,4,Navajo County,04017,400,11/3/2020
Arizona,AZ,4,Navajo County,04017,417,11/10/2020
Arizona,AZ,4,Navajo County,04017,451,11/17/2020
Arizona,AZ,4,Navajo County,04017,494,11/24/2020
Arizona,AZ,4,Navajo County,04017,500,12/1/2020
Arizona,AZ,4,Navajo County,04017,500,12/8/2020
Arizona,AZ,4,Navajo County,04017,500,12/15/2020
Arizona,AZ,4,Navajo County,04017,500,12/22/2020
Arizona,AZ,4,Navajo County,04017,500,12/29/2020
Arizona,AZ,4,Navajo County,04017,500,1/5/2021
Arizona,AZ,4,Navajo County,04017,500,1/12/2021
Arizona,AZ,4,Navajo County,04017,500,1/19/2021
Arizona,AZ,4,Navajo County,04017,493,1/26/2021
Arizona,AZ,4,Navajo County,04017,485,2/2/2021
Arizona,AZ,4,Navajo County,04017,485,2/9/2021
Arizona,AZ,4,Navajo County,04017,483,2/16/2021
Arizona,AZ,4,Navajo County,04017,483,2/23/2021
Arizona,AZ,4,Navajo County,04017,483,3/2/2021
Arizona,AZ,4,Navajo County,04017,483,3/9/2021
Arizona,AZ,4,Navajo County,04017,483,3/16/2021
Arizona,AZ,4,Navajo County,04017,483,3/23/2021
Arizona,AZ,4,Navajo County,04017,483,3/30/2021
Arizona,AZ,4,Navajo County,04017,483,4/6/2021
Arizona,AZ,4,Navajo County,04017,483,4/13/2021
Arizona,AZ,4,Navajo County,04017,483,4/20/2021
Arizona,AZ,4,Navajo County,04017,483,4/27/2021
Arizona,AZ,4,Navajo County,04017,483,5/4/2021
Arizona,AZ,4,Navajo County,04017,483,5/11/2021
Arizona,AZ,4,Navajo County,04017,483,5/18/2021
Arizona,AZ,4,Navajo County,04017,483,5/25/2021
Arizona,AZ,4,Navajo County,04017,483,6/1/2021
Arizona,AZ,4,Navajo County,04017,483,6/8/2021
Arizona,AZ,4,Navajo County,04017,483,6/15/2021
Arizona,AZ,4,Navajo County,04017,483,6/22/2021
Arizona,AZ,4,Navajo County,04017,483,6/29/2021
Arizona,AZ,4,Navajo County,04017,483,7/6/2021
Arizona,AZ,4,Navajo County,04017,483,7/13/2021
Arizona,AZ,4,Navajo County,04017,480,7/20/2021
Arizona,AZ,4,Navajo County,04017,400,7/27/2021
Arizona,AZ,4,Navajo County,04017,381,8/3/2021
Arizona,AZ,4,Navajo County,04017,381,8/10/2021
Arizona,AZ,4,Navajo County,04017,373,8/17/2021
Arizona,AZ,4,Navajo County,04017,321,8/24/2021
Arizona,AZ,4,Navajo County,04017,321,8/31/2021
Arizona,AZ,4,Navajo County,04017,315,9/7/2021
Arizona,AZ,4,Navajo County,04017,315,9/14/2021
Arizona,AZ,4,Navajo County,04017,315,9/21/2021
Arizona,AZ,4,Navajo County,04017,315,9/28/2021
Arizona,AZ,4,Navajo County,04017,315,10/5/2021
Arizona,AZ,4,Navajo County,04017,287,10/12/2021
Arizona,AZ,4,Navajo County,04017,286,10/19/2021
Arizona,AZ,4,Navajo County,04017,286,10/26/2021
Arizona,AZ,4,Navajo County,04017,286,11/2/2021
Arizona,AZ,4,Navajo County,04017,286,11/9/2021
Arizona,AZ,4,Navajo County,04017,286,11/16/2021
Arizona,AZ,4,Navajo County,04017,286,11/23/2021
Arizona,AZ,4,Navajo County,04017,286,11/30/2021
Arizona,AZ,4,Navajo County,04017,286,12/7/2021
Arizona,AZ,4,Navajo County,04017,286,12/14/2021
Arizona,AZ,4,Navajo County,04017,287,12/21/2021
Arizona,AZ,4,Navajo County,04017,283,12/28/2021
Arizona,AZ,4,Navajo County,04017,283,1/4/2022
Arizona,AZ,4,Navajo County,04017,285,1/11/2022
Arizona,AZ,4,Navajo County,04017,285,1/18/2022
Arizona,AZ,4,Navajo County,04017,285,1/25/2022
Arizona,AZ,4,Navajo County,04017,285,2/1/2022
Arizona,AZ,4,Navajo County,04017,285,2/8/2022
Arizona,AZ,4,Navajo County,04017,285,2/15/2022
Arizona,AZ,4,Navajo County,04017,285,2/22/2022
Arizona,AZ,4,Navajo County,04017,286,3/1/2022
Arizona,AZ,4,Navajo County,04017,286,3/8/2022
Arizona,AZ,4,Navajo County,04017,286,3/15/2022
Arizona,AZ,4,Navajo County,04017,286,3/22/2022
Arizona,AZ,4,Navajo County,04017,286,3/29/2022
Arizona,AZ,4,Navajo County,04017,303,4/5/2022
Arizona,AZ,4,Navajo County,04017,303,4/12/2022
Arizona,AZ,4,Navajo County,04017,303,4/19/2022
Arizona,AZ,4,Navajo County,04017,304,4/26/2022
Arizona,AZ,4,Navajo County,04017,304,5/3/2022
Arizona,AZ,4,Navajo County,04017,304,5/10/2022
Arizona,AZ,4,Navajo County,04017,304,5/17/2022
Arizona,AZ,4,Navajo County,04017,304,5/24/2022
Arizona,AZ,4,Navajo County,04017,304,5/31/2022
Arizona,AZ,4,Navajo County,04017,304,6/7/2022
Arizona,AZ,4,Pima County,04019,0,1/7/2020
Arizona,AZ,4,Pima County,04019,0,1/14/2020
Arizona,AZ,4,Pima County,04019,0,1/21/2020
Arizona,AZ,4,Pima County,04019,0,1/28/2020
Arizona,AZ,4,Pima County,04019,0,2/4/2020
Arizona,AZ,4,Pima County,04019,0,2/11/2020
Arizona,AZ,4,Pima County,04019,0,2/18/2020
Arizona,AZ,4,Pima County,04019,0,2/25/2020
Arizona,AZ,4,Pima County,04019,0,3/3/2020
Arizona,AZ,4,Pima County,04019,0,3/10/2020
Arizona,AZ,4,Pima County,04019,0,3/17/2020
Arizona,AZ,4,Pima County,04019,0,3/24/2020
Arizona,AZ,4,Pima County,04019,0,3/31/2020
Arizona,AZ,4,Pima County,04019,0,4/7/2020
Arizona,AZ,4,Pima County,04019,0,4/14/2020
Arizona,AZ,4,Pima County,04019,0,4/21/2020
Arizona,AZ,4,Pima County,04019,0,4/28/2020
Arizona,AZ,4,Pima County,04019,0,5/5/2020
Arizona,AZ,4,Pima County,04019,0,5/12/2020
Arizona,AZ,4,Pima County,04019,0,5/19/2020
Arizona,AZ,4,Pima County,04019,0,5/26/2020
Arizona,AZ,4,Pima County,04019,0,6/2/2020
Arizona,AZ,4,Pima County,04019,13,6/9/2020
Arizona,AZ,4,Pima County,04019,13,6/16/2020
Arizona,AZ,4,Pima County,04019,13,6/23/2020
Arizona,AZ,4,Pima County,04019,13,6/30/2020
Arizona,AZ,4,Pima County,04019,36,7/7/2020
Arizona,AZ,4,Pima County,04019,36,7/14/2020
Arizona,AZ,4,Pima County,04019,129,7/21/2020
Arizona,AZ,4,Pima County,04019,154,7/28/2020
Arizona,AZ,4,Pima County,04019,213,8/4/2020
Arizona,AZ,4,Pima County,04019,213,8/11/2020
Arizona,AZ,4,Pima County,04019,291,8/18/2020
Arizona,AZ,4,Pima County,04019,271,8/25/2020
Arizona,AZ,4,Pima County,04019,271,9/1/2020
Arizona,AZ,4,Pima County,04019,299,9/8/2020
Arizona,AZ,4,Pima County,04019,299,9/15/2020
Arizona,AZ,4,Pima County,04019,299,9/22/2020
Arizona,AZ,4,Pima County,04019,300,9/29/2020
Arizona,AZ,4,Pima County,04019,381,10/6/2020
Arizona,AZ,4,Pima County,04019,381,10/13/2020
Arizona,AZ,4,Pima County,04019,381,10/20/2020
Arizona,AZ,4,Pima County,04019,381,10/27/2020
Arizona,AZ,4,Pima County,04019,381,11/3/2020
Arizona,AZ,4,Pima County,04019,423,11/10/2020
Arizona,AZ,4,Pima County,04019,423,11/17/2020
Arizona,AZ,4,Pima County,04019,425,11/24/2020
Arizona,AZ,4,Pima County,04019,425,12/1/2020
Arizona,AZ,4,Pima County,04019,425,12/8/2020
Arizona,AZ,4,Pima County,04019,425,12/15/2020
Arizona,AZ,4,Pima County,04019,425,12/22/2020
Arizona,AZ,4,Pima County,04019,425,12/29/2020
Arizona,AZ,4,Pima County,04019,425,1/5/2021
Arizona,AZ,4,Pima County,04019,425,1/12/2021
Arizona,AZ,4,Pima County,04019,425,1/19/2021
Arizona,AZ,4,Pima County,04019,425,1/26/2021
Arizona,AZ,4,Pima County,04019,425,2/2/2021
Arizona,AZ,4,Pima County,04019,425,2/9/2021
Arizona,AZ,4,Pima County,04019,425,2/16/2021
Arizona,AZ,4,Pima County,04019,425,2/23/2021
Arizona,AZ,4,Pima County,04019,425,3/2/2021
Arizona,AZ,4,Pima County,04019,425,3/9/2021
Arizona,AZ,4,Pima County,04019,425,3/16/2021
Arizona,AZ,4,Pima County,04019,425,3/23/2021
Arizona,AZ,4,Pima County,04019,425,3/30/2021
Arizona,AZ,4,Pima County,04019,425,4/6/2021
Arizona,AZ,4,Pima County,04019,425,4/13/2021
Arizona,AZ,4,Pima County,04019,425,4/20/2021
Arizona,AZ,4,Pima County,04019,425,4/27/2021
Arizona,AZ,4,Pima County,04019,425,5/4/2021
Arizona,AZ,4,Pima County,04019,425,5/11/2021
Arizona,AZ,4,Pima County,04019,425,5/18/2021
Arizona,AZ,4,Pima County,04019,424,5/25/2021
Arizona,AZ,4,Pima County,04019,424,6/1/2021
Arizona,AZ,4,Pima County,04019,424,6/8/2021
Arizona,AZ,4,Pima County,04019,424,6/15/2021
Arizona,AZ,4,Pima County,04019,424,6/22/2021
Arizona,AZ,4,Pima County,04019,424,6/29/2021
Arizona,AZ,4,Pima County,04019,424,7/6/2021
Arizona,AZ,4,Pima County,04019,424,7/13/2021
Arizona,AZ,4,Pima County,04019,363,7/20/2021
Arizona,AZ,4,Pima County,04019,304,7/27/2021
Arizona,AZ,4,Pima County,04019,269,8/3/2021
Arizona,AZ,4,Pima County,04019,269,8/10/2021
Arizona,AZ,4,Pima County,04019,199,8/17/2021
Arizona,AZ,4,Pima County,04019,199,8/24/2021
Arizona,AZ,4,Pima County,04019,199,8/31/2021
Arizona,AZ,4,Pima County,04019,160,9/7/2021
Arizona,AZ,4,Pima County,04019,160,9/14/2021
Arizona,AZ,4,Pima County,04019,160,9/21/2021
Arizona,AZ,4,Pima County,04019,141,9/28/2021
Arizona,AZ,4,Pima County,04019,141,10/5/2021
Arizona,AZ,4,Pima County,04019,141,10/12/2021
Arizona,AZ,4,Pima County,04019,141,10/19/2021
Arizona,AZ,4,Pima County,04019,142,10/26/2021
Arizona,AZ,4,Pima County,04019,142,11/2/2021
Arizona,AZ,4,Pima County,04019,142,11/9/2021
Arizona,AZ,4,Pima County,04019,142,11/16/2021
Arizona,AZ,4,Pima County,04019,142,11/23/2021
Arizona,AZ,4,Pima County,04019,142,11/30/2021
Arizona,AZ,4,Pima County,04019,142,12/7/2021
Arizona,AZ,4,Pima County,04019,142,12/14/2021
Arizona,AZ,4,Pima County,04019,140,12/21/2021
Arizona,AZ,4,Pima County,04019,124,12/28/2021
Arizona,AZ,4,Pima County,04019,100,1/4/2022
Arizona,AZ,4,Pima County,04019,100,1/11/2022
Arizona,AZ,4,Pima County,04019,100,1/18/2022
Arizona,AZ,4,Pima County,04019,100,1/25/2022
Arizona,AZ,4,Pima County,04019,100,2/1/2022
Arizona,AZ,4,Pima County,04019,100,2/8/2022
Arizona,AZ,4,Pima County,04019,100,2/15/2022
Arizona,AZ,4,Pima County,04019,100,2/22/2022
Arizona,AZ,4,Pima County,04019,154,3/1/2022
Arizona,AZ,4,Pima County,04019,154,3/8/2022
Arizona,AZ,4,Pima County,04019,154,3/15/2022
Arizona,AZ,4,Pima County,04019,154,3/22/2022
Arizona,AZ,4,Pima County,04019,155,3/29/2022
Arizona,AZ,4,Pima County,04019,239,4/5/2022
Arizona,AZ,4,Pima County,04019,239,4/12/2022
Arizona,AZ,4,Pima County,04019,239,4/19/2022
Arizona,AZ,4,Pima County,04019,245,4/26/2022
Arizona,AZ,4,Pima County,04019,245,5/3/2022
Arizona,AZ,4,Pima County,04019,245,5/10/2022
Arizona,AZ,4,Pima County,04019,290,5/17/2022
Arizona,AZ,4,Pima County,04019,297,5/24/2022
Arizona,AZ,4,Pima County,04019,297,5/31/2022
Arizona,AZ,4,Pima County,04019,297,6/7/2022
Arizona,AZ,4,Pinal County,04021,0,1/7/2020
Arizona,AZ,4,Pinal County,04021,0,1/14/2020
Arizona,AZ,4,Pinal County,04021,0,1/21/2020
Arizona,AZ,4,Pinal County,04021,0,1/28/2020
Arizona,AZ,4,Pinal County,04021,0,2/4/2020
Arizona,AZ,4,Pinal County,04021,0,2/11/2020
Arizona,AZ,4,Pinal County,04021,0,2/18/2020
Arizona,AZ,4,Pinal County,04021,0,2/25/2020
Arizona,AZ,4,Pinal County,04021,0,3/3/2020
Arizona,AZ,4,Pinal County,04021,0,3/10/2020
Arizona,AZ,4,Pinal County,04021,0,3/17/2020
Arizona,AZ,4,Pinal County,04021,0,3/24/2020
Arizona,AZ,4,Pinal County,04021,0,3/31/2020
Arizona,AZ,4,Pinal County,04021,0,4/7/2020
Arizona,AZ,4,Pinal County,04021,0,4/14/2020
Arizona,AZ,4,Pinal County,04021,0,4/21/2020
Arizona,AZ,4,Pinal County,04021,0,4/28/2020
Arizona,AZ,4,Pinal County,04021,0,5/5/2020
Arizona,AZ,4,Pinal County,04021,0,5/12/2020
Arizona,AZ,4,Pinal County,04021,0,5/19/2020
Arizona,AZ,4,Pinal County,04021,0,5/26/2020
Arizona,AZ,4,Pinal County,04021,0,6/2/2020
Arizona,AZ,4,Pinal County,04021,73,6/9/2020
Arizona,AZ,4,Pinal County,04021,73,6/16/2020
Arizona,AZ,4,Pinal County,04021,73,6/23/2020
Arizona,AZ,4,Pinal County,04021,73,6/30/2020
Arizona,AZ,4,Pinal County,04021,93,7/7/2020
Arizona,AZ,4,Pinal County,04021,93,7/14/2020
Arizona,AZ,4,Pinal County,04021,186,7/21/2020
Arizona,AZ,4,Pinal County,04021,265,7/28/2020
Arizona,AZ,4,Pinal County,04021,283,8/4/2020
Arizona,AZ,4,Pinal County,04021,283,8/11/2020
Arizona,AZ,4,Pinal County,04021,300,8/18/2020
Arizona,AZ,4,Pinal County,04021,366,8/25/2020
Arizona,AZ,4,Pinal County,04021,366,9/1/2020
Arizona,AZ,4,Pinal County,04021,386,9/8/2020
Arizona,AZ,4,Pinal County,04021,386,9/15/2020
Arizona,AZ,4,Pinal County,04021,386,9/22/2020
Arizona,AZ,4,Pinal County,04021,421,9/29/2020
Arizona,AZ,4,Pinal County,04021,469,10/6/2020
Arizona,AZ,4,Pinal County,04021,469,10/13/2020
Arizona,AZ,4,Pinal County,04021,471,10/20/2020
Arizona,AZ,4,Pinal County,04021,471,10/27/2020
Arizona,AZ,4,Pinal County,04021,471,11/3/2020
Arizona,AZ,4,Pinal County,04021,478,11/10/2020
Arizona,AZ,4,Pinal County,04021,478,11/17/2020
Arizona,AZ,4,Pinal County,04021,478,11/24/2020
Arizona,AZ,4,Pinal County,04021,478,12/1/2020
Arizona,AZ,4,Pinal County,04021,478,12/8/2020
Arizona,AZ,4,Pinal County,04021,469,12/15/2020
Arizona,AZ,4,Pinal County,04021,469,12/22/2020
Arizona,AZ,4,Pinal County,04021,469,12/29/2020
Arizona,AZ,4,Pinal County,04021,469,1/5/2021
Arizona,AZ,4,Pinal County,04021,469,1/12/2021
Arizona,AZ,4,Pinal County,04021,469,1/19/2021
Arizona,AZ,4,Pinal County,04021,468,1/26/2021
Arizona,AZ,4,Pinal County,04021,468,2/2/2021
Arizona,AZ,4,Pinal County,04021,468,2/9/2021
Arizona,AZ,4,Pinal County,04021,468,2/16/2021
Arizona,AZ,4,Pinal County,04021,468,2/23/2021
Arizona,AZ,4,Pinal County,04021,468,3/2/2021
Arizona,AZ,4,Pinal County,04021,468,3/9/2021
Arizona,AZ,4,Pinal County,04021,468,3/16/2021
Arizona,AZ,4,Pinal County,04021,468,3/23/2021
Arizona,AZ,4,Pinal County,04021,468,3/30/2021
Arizona,AZ,4,Pinal County,04021,468,4/6/2021
Arizona,AZ,4,Pinal County,04021,468,4/13/2021
Arizona,AZ,4,Pinal County,04021,468,4/20/2021
Arizona,AZ,4,Pinal County,04021,468,4/27/2021
Arizona,AZ,4,Pinal County,04021,468,5/4/2021
Arizona,AZ,4,Pinal County,04021,468,5/11/2021
Arizona,AZ,4,Pinal County,04021,468,5/18/2021
Arizona,AZ,4,Pinal County,04021,468,5/25/2021
Arizona,AZ,4,Pinal County,04021,468,6/1/2021
Arizona,AZ,4,Pinal County,04021,468,6/8/2021
Arizona,AZ,4,Pinal County,04021,468,6/15/2021
Arizona,AZ,4,Pinal County,04021,468,6/22/2021
Arizona,AZ,4,Pinal County,04021,468,6/29/2021
Arizona,AZ,4,Pinal County,04021,468,7/6/2021
Arizona,AZ,4,Pinal County,04021,468,7/13/2021
Arizona,AZ,4,Pinal County,04021,400,7/20/2021
Arizona,AZ,4,Pinal County,04021,309,7/27/2021
Arizona,AZ,4,Pinal County,04021,299,8/3/2021
Arizona,AZ,4,Pinal County,04021,299,8/10/2021
Arizona,AZ,4,Pinal County,04021,200,8/17/2021
Arizona,AZ,4,Pinal County,04021,200,8/24/2021
Arizona,AZ,4,Pinal County,04021,200,8/31/2021
Arizona,AZ,4,Pinal County,04021,184,9/7/2021
Arizona,AZ,4,Pinal County,04021,184,9/14/2021
Arizona,AZ,4,Pinal County,04021,184,9/21/2021
Arizona,AZ,4,Pinal County,04021,154,9/28/2021
Arizona,AZ,4,Pinal County,04021,154,10/5/2021
Arizona,AZ,4,Pinal County,04021,154,10/12/2021
Arizona,AZ,4,Pinal County,04021,154,10/19/2021
Arizona,AZ,4,Pinal County,04021,154,10/26/2021
Arizona,AZ,4,Pinal County,04021,154,11/2/2021
Arizona,AZ,4,Pinal County,04021,154,11/9/2021
Arizona,AZ,4,Pinal County,04021,154,11/16/2021
Arizona,AZ,4,Pinal County,04021,154,11/23/2021
Arizona,AZ,4,Pinal County,04021,154,11/30/2021
Arizona,AZ,4,Pinal County,04021,154,12/7/2021
Arizona,AZ,4,Pinal County,04021,154,12/14/2021
Arizona,AZ,4,Pinal County,04021,156,12/21/2021
Arizona,AZ,4,Pinal County,04021,100,12/28/2021
Arizona,AZ,4,Pinal County,04021,100,1/4/2022
Arizona,AZ,4,Pinal County,04021,100,1/11/2022
Arizona,AZ,4,Pinal County,04021,100,1/18/2022
Arizona,AZ,4,Pinal County,04021,100,1/25/2022
Arizona,AZ,4,Pinal County,04021,100,2/1/2022
Arizona,AZ,4,Pinal County,04021,100,2/8/2022
Arizona,AZ,4,Pinal County,04021,100,2/15/2022
Arizona,AZ,4,Pinal County,04021,100,2/22/2022
Arizona,AZ,4,Pinal County,04021,109,3/1/2022
Arizona,AZ,4,Pinal County,04021,109,3/8/2022
Arizona,AZ,4,Pinal County,04021,109,3/15/2022
Arizona,AZ,4,Pinal County,04021,109,3/22/2022
Arizona,AZ,4,Pinal County,04021,110,3/29/2022
Arizona,AZ,4,Pinal County,04021,119,4/5/2022
Arizona,AZ,4,Pinal County,04021,119,4/12/2022
Arizona,AZ,4,Pinal County,04021,119,4/19/2022
Arizona,AZ,4,Pinal County,04021,200,4/26/2022
Arizona,AZ,4,Pinal County,04021,200,5/3/2022
Arizona,AZ,4,Pinal County,04021,200,5/10/2022
Arizona,AZ,4,Pinal County,04021,200,5/17/2022
Arizona,AZ,4,Pinal County,04021,245,5/24/2022
Arizona,AZ,4,Pinal County,04021,245,5/31/2022
Arizona,AZ,4,Pinal County,04021,246,6/7/2022
Arizona,AZ,4,Santa Cruz County,04023,0,1/7/2020
Arizona,AZ,4,Santa Cruz County,04023,0,1/14/2020
Arizona,AZ,4,Santa Cruz County,04023,0,1/21/2020
Arizona,AZ,4,Santa Cruz County,04023,0,1/28/2020
Arizona,AZ,4,Santa Cruz County,04023,0,2/4/2020
Arizona,AZ,4,Santa Cruz County,04023,0,2/11/2020
Arizona,AZ,4,Santa Cruz County,04023,0,2/18/2020
Arizona,AZ,4,Santa Cruz County,04023,0,2/25/2020
Arizona,AZ,4,Santa Cruz County,04023,0,3/3/2020
Arizona,AZ,4,Santa Cruz County,04023,0,3/10/2020
Arizona,AZ,4,Santa Cruz County,04023,0,3/17/2020
Arizona,AZ,4,Santa Cruz County,04023,0,3/24/2020
Arizona,AZ,4,Santa Cruz County,04023,0,3/31/2020
Arizona,AZ,4,Santa Cruz County,04023,0,4/7/2020
Arizona,AZ,4,Santa Cruz County,04023,0,4/14/2020
Arizona,AZ,4,Santa Cruz County,04023,0,4/21/2020
Arizona,AZ,4,Santa Cruz County,04023,0,4/28/2020
Arizona,AZ,4,Santa Cruz County,04023,0,5/5/2020
Arizona,AZ,4,Santa Cruz County,04023,0,5/12/2020
Arizona,AZ,4,Santa Cruz County,04023,0,5/19/2020
Arizona,AZ,4,Santa Cruz County,04023,0,5/26/2020
Arizona,AZ,4,Santa Cruz County,04023,0,6/2/2020
Arizona,AZ,4,Santa Cruz County,04023,0,6/9/2020
Arizona,AZ,4,Santa Cruz County,04023,0,6/16/2020
Arizona,AZ,4,Santa Cruz County,04023,0,6/23/2020
Arizona,AZ,4,Santa Cruz County,04023,0,6/30/2020
Arizona,AZ,4,Santa Cruz County,04023,28,7/7/2020
Arizona,AZ,4,Santa Cruz County,04023,28,7/14/2020
Arizona,AZ,4,Santa Cruz County,04023,111,7/21/2020
Arizona,AZ,4,Santa Cruz County,04023,111,7/28/2020
Arizona,AZ,4,Santa Cruz County,04023,117,8/4/2020
Arizona,AZ,4,Santa Cruz County,04023,117,8/11/2020
Arizona,AZ,4,Santa Cruz County,04023,168,8/18/2020
Arizona,AZ,4,Santa Cruz County,04023,234,8/25/2020
Arizona,AZ,4,Santa Cruz County,04023,230,9/1/2020
Arizona,AZ,4,Santa Cruz County,04023,305,9/8/2020
Arizona,AZ,4,Santa Cruz County,04023,305,9/15/2020
Arizona,AZ,4,Santa Cruz County,04023,305,9/22/2020
Arizona,AZ,4,Santa Cruz County,04023,305,9/29/2020
Arizona,AZ,4,Santa Cruz County,04023,378,10/6/2020
Arizona,AZ,4,Santa Cruz County,04023,378,10/13/2020
Arizona,AZ,4,Santa Cruz County,04023,378,10/20/2020
Arizona,AZ,4,Santa Cruz County,04023,378,10/27/2020
Arizona,AZ,4,Santa Cruz County,04023,378,11/3/2020
Arizona,AZ,4,Santa Cruz County,04023,436,11/10/2020
Arizona,AZ,4,Santa Cruz County,04023,436,11/17/2020
Arizona,AZ,4,Santa Cruz County,04023,443,11/24/2020
Arizona,AZ,4,Santa Cruz County,04023,443,12/1/2020
Arizona,AZ,4,Santa Cruz County,04023,443,12/8/2020
Arizona,AZ,4,Santa Cruz County,04023,443,12/15/2020
Arizona,AZ,4,Santa Cruz County,04023,443,12/22/2020
Arizona,AZ,4,Santa Cruz County,04023,443,12/29/2020
Arizona,AZ,4,Santa Cruz County,04023,443,1/5/2021
Arizona,AZ,4,Santa Cruz County,04023,443,1/12/2021
Arizona,AZ,4,Santa Cruz County,04023,443,1/19/2021
Arizona,AZ,4,Santa Cruz County,04023,443,1/26/2021
Arizona,AZ,4,Santa Cruz County,04023,443,2/2/2021
Arizona,AZ,4,Santa Cruz County,04023,443,2/9/2021
Arizona,AZ,4,Santa Cruz County,04023,443,2/16/2021
Arizona,AZ,4,Santa Cruz County,04023,443,2/23/2021
Arizona,AZ,4,Santa Cruz County,04023,443,3/2/2021
Arizona,AZ,4,Santa Cruz County,04023,443,3/9/2021
Arizona,AZ,4,Santa Cruz County,04023,443,3/16/2021
Arizona,AZ,4,Santa Cruz County,04023,443,3/23/2021
Arizona,AZ,4,Santa Cruz County,04023,443,3/30/2021
Arizona,AZ,4,Santa Cruz County,04023,443,4/6/2021
Arizona,AZ,4,Santa Cruz County,04023,500,4/13/2021
Arizona,AZ,4,Santa Cruz County,04023,500,4/20/2021
Arizona,AZ,4,Santa Cruz County,04023,500,4/27/2021
Arizona,AZ,4,Santa Cruz County,04023,500,5/4/2021
Arizona,AZ,4,Santa Cruz County,04023,500,5/11/2021
Arizona,AZ,4,Santa Cruz County,04023,500,5/18/2021
Arizona,AZ,4,Santa Cruz County,04023,500,5/25/2021
Arizona,AZ,4,Santa Cruz County,04023,500,6/1/2021
Arizona,AZ,4,Santa Cruz County,04023,500,6/8/2021
Arizona,AZ,4,Santa Cruz County,04023,500,6/15/2021
Arizona,AZ,4,Santa Cruz County,04023,500,6/22/2021
Arizona,AZ,4,Santa Cruz County,04023,500,6/29/2021
Arizona,AZ,4,Santa Cruz County,04023,500,7/6/2021
Arizona,AZ,4,Santa Cruz County,04023,500,7/13/2021
Arizona,AZ,4,Santa Cruz County,04023,400,7/20/2021
Arizona,AZ,4,Santa Cruz County,04023,300,7/27/2021
Arizona,AZ,4,Santa Cruz County,04023,212,8/3/2021
Arizona,AZ,4,Santa Cruz County,04023,212,8/10/2021
Arizona,AZ,4,Santa Cruz County,04023,200,8/17/2021
Arizona,AZ,4,Santa Cruz County,04023,200,8/24/2021
Arizona,AZ,4,Santa Cruz County,04023,200,8/31/2021
Arizona,AZ,4,Santa Cruz County,04023,196,9/7/2021
Arizona,AZ,4,Santa Cruz County,04023,196,9/14/2021
Arizona,AZ,4,Santa Cruz County,04023,196,9/21/2021
Arizona,AZ,4,Santa Cruz County,04023,196,9/28/2021
Arizona,AZ,4,Santa Cruz County,04023,196,10/5/2021
Arizona,AZ,4,Santa Cruz County,04023,196,10/12/2021
Arizona,AZ,4,Santa Cruz County,04023,196,10/19/2021
Arizona,AZ,4,Santa Cruz County,04023,197,10/26/2021
Arizona,AZ,4,Santa Cruz County,04023,197,11/2/2021
Arizona,AZ,4,Santa Cruz County,04023,197,11/9/2021
Arizona,AZ,4,Santa Cruz County,04023,197,11/16/2021
Arizona,AZ,4,Santa Cruz County,04023,197,11/23/2021
Arizona,AZ,4,Santa Cruz County,04023,197,11/30/2021
Arizona,AZ,4,Santa Cruz County,04023,197,12/7/2021
Arizona,AZ,4,Santa Cruz County,04023,197,12/14/2021
Arizona,AZ,4,Santa Cruz County,04023,195,12/21/2021
Arizona,AZ,4,Santa Cruz County,04023,197,12/28/2021
Arizona,AZ,4,Santa Cruz County,04023,100,1/4/2022
Arizona,AZ,4,Santa Cruz County,04023,100,1/11/2022
Arizona,AZ,4,Santa Cruz County,04023,100,1/18/2022
Arizona,AZ,4,Santa Cruz County,04023,100,1/25/2022
Arizona,AZ,4,Santa Cruz County,04023,100,2/1/2022
Arizona,AZ,4,Santa Cruz County,04023,100,2/8/2022
Arizona,AZ,4,Santa Cruz County,04023,100,2/15/2022
Arizona,AZ,4,Santa Cruz County,04023,100,2/22/2022
Arizona,AZ,4,Santa Cruz County,04023,200,3/1/2022
Arizona,AZ,4,Santa Cruz County,04023,200,3/8/2022
Arizona,AZ,4,Santa Cruz County,04023,200,3/15/2022
Arizona,AZ,4,Santa Cruz County,04023,200,3/22/2022
Arizona,AZ,4,Santa Cruz County,04023,200,3/29/2022
Arizona,AZ,4,Santa Cruz County,04023,300,4/5/2022
Arizona,AZ,4,Santa Cruz County,04023,300,4/12/2022
Arizona,AZ,4,Santa Cruz County,04023,300,4/19/2022
Arizona,AZ,4,Santa Cruz County,04023,300,4/26/2022
Arizona,AZ,4,Santa Cruz County,04023,300,5/3/2022
Arizona,AZ,4,Santa Cruz County,04023,300,5/10/2022
Arizona,AZ,4,Santa Cruz County,04023,385,5/17/2022
Arizona,AZ,4,Santa Cruz County,04023,385,5/24/2022
Arizona,AZ,4,Santa Cruz County,04023,385,5/31/2022
Arizona,AZ,4,Santa Cruz County,04023,385,6/7/2022
Arizona,AZ,4,Yavapai County,04025,0,1/7/2020
Arizona,AZ,4,Yavapai County,04025,0,1/14/2020
Arizona,AZ,4,Yavapai County,04025,0,1/21/2020
Arizona,AZ,4,Yavapai County,04025,0,1/28/2020
Arizona,AZ,4,Yavapai County,04025,0,2/4/2020
Arizona,AZ,4,Yavapai County,04025,0,2/11/2020
Arizona,AZ,4,Yavapai County,04025,2,2/18/2020
Arizona,AZ,4,Yavapai County,04025,2,2/25/2020
Arizona,AZ,4,Yavapai County,04025,2,3/3/2020
Arizona,AZ,4,Yavapai County,04025,2,3/10/2020
Arizona,AZ,4,Yavapai County,04025,0,3/17/2020
Arizona,AZ,4,Yavapai County,04025,0,3/24/2020
Arizona,AZ,4,Yavapai County,04025,0,3/31/2020
Arizona,AZ,4,Yavapai County,04025,0,4/7/2020
Arizona,AZ,4,Yavapai County,04025,0,4/14/2020
Arizona,AZ,4,Yavapai County,04025,0,4/21/2020
Arizona,AZ,4,Yavapai County,04025,0,4/28/2020
Arizona,AZ,4,Yavapai County,04025,0,5/5/2020
Arizona,AZ,4,Yavapai County,04025,0,5/12/2020
Arizona,AZ,4,Yavapai County,04025,0,5/19/2020
Arizona,AZ,4,Yavapai County,04025,0,5/26/2020
Arizona,AZ,4,Yavapai County,04025,0,6/2/2020
Arizona,AZ,4,Yavapai County,04025,0,6/9/2020
Arizona,AZ,4,Yavapai County,04025,0,6/16/2020
Arizona,AZ,4,Yavapai County,04025,0,6/23/2020
Arizona,AZ,4,Yavapai County,04025,0,6/30/2020
Arizona,AZ,4,Yavapai County,04025,0,7/7/2020
Arizona,AZ,4,Yavapai County,04025,0,7/14/2020
Arizona,AZ,4,Yavapai County,04025,95,7/21/2020
Arizona,AZ,4,Yavapai County,04025,97,7/28/2020
Arizona,AZ,4,Yavapai County,04025,197,8/4/2020
Arizona,AZ,4,Yavapai County,04025,198,8/11/2020
Arizona,AZ,4,Yavapai County,04025,295,8/18/2020
Arizona,AZ,4,Yavapai County,04025,341,8/25/2020
Arizona,AZ,4,Yavapai County,04025,341,9/1/2020
Arizona,AZ,4,Yavapai County,04025,380,9/8/2020
Arizona,AZ,4,Yavapai County,04025,380,9/15/2020
Arizona,AZ,4,Yavapai County,04025,380,9/22/2020
Arizona,AZ,4,Yavapai County,04025,390,9/29/2020
Arizona,AZ,4,Yavapai County,04025,390,10/6/2020
Arizona,AZ,4,Yavapai County,04025,390,10/13/2020
Arizona,AZ,4,Yavapai County,04025,390,10/20/2020
Arizona,AZ,4,Yavapai County,04025,390,10/27/2020
Arizona,AZ,4,Yavapai County,04025,390,11/3/2020
Arizona,AZ,4,Yavapai County,04025,390,11/10/2020
Arizona,AZ,4,Yavapai County,04025,390,11/17/2020
Arizona,AZ,4,Yavapai County,04025,488,11/24/2020
Arizona,AZ,4,Yavapai County,04025,488,12/1/2020
Arizona,AZ,4,Yavapai County,04025,488,12/8/2020
Arizona,AZ,4,Yavapai County,04025,486,12/15/2020
Arizona,AZ,4,Yavapai County,04025,486,12/22/2020
Arizona,AZ,4,Yavapai County,04025,486,12/29/2020
Arizona,AZ,4,Yavapai County,04025,486,1/5/2021
Arizona,AZ,4,Yavapai County,04025,486,1/12/2021
Arizona,AZ,4,Yavapai County,04025,486,1/19/2021
Arizona,AZ,4,Yavapai County,04025,404,1/26/2021
Arizona,AZ,4,Yavapai County,04025,356,2/2/2021
Arizona,AZ,4,Yavapai County,04025,356,2/9/2021
Arizona,AZ,4,Yavapai County,04025,356,2/16/2021
Arizona,AZ,4,Yavapai County,04025,355,2/23/2021
Arizona,AZ,4,Yavapai County,04025,355,3/2/2021
Arizona,AZ,4,Yavapai County,04025,355,3/9/2021
Arizona,AZ,4,Yavapai County,04025,355,3/16/2021
Arizona,AZ,4,Yavapai County,04025,382,3/23/2021
Arizona,AZ,4,Yavapai County,04025,382,3/30/2021
Arizona,AZ,4,Yavapai County,04025,382,4/6/2021
Arizona,AZ,4,Yavapai County,04025,382,4/13/2021
Arizona,AZ,4,Yavapai County,04025,382,4/20/2021
Arizona,AZ,4,Yavapai County,04025,382,4/27/2021
Arizona,AZ,4,Yavapai County,04025,382,5/4/2021
Arizona,AZ,4,Yavapai County,04025,382,5/11/2021
Arizona,AZ,4,Yavapai County,04025,382,5/18/2021
Arizona,AZ,4,Yavapai County,04025,382,5/25/2021
Arizona,AZ,4,Yavapai County,04025,382,6/1/2021
Arizona,AZ,4,Yavapai County,04025,382,6/8/2021
Arizona,AZ,4,Yavapai County,04025,382,6/15/2021
Arizona,AZ,4,Yavapai County,04025,382,6/22/2021
Arizona,AZ,4,Yavapai County,04025,403,6/29/2021
Arizona,AZ,4,Yavapai County,04025,403,7/6/2021
Arizona,AZ,4,Yavapai County,04025,403,7/13/2021
Arizona,AZ,4,Yavapai County,04025,344,7/20/2021
Arizona,AZ,4,Yavapai County,04025,307,7/27/2021
Arizona,AZ,4,Yavapai County,04025,239,8/3/2021
Arizona,AZ,4,Yavapai County,04025,239,8/10/2021
Arizona,AZ,4,Yavapai County,04025,226,8/17/2021
Arizona,AZ,4,Yavapai County,04025,223,8/24/2021
Arizona,AZ,4,Yavapai County,04025,223,8/31/2021
Arizona,AZ,4,Yavapai County,04025,192,9/7/2021
Arizona,AZ,4,Yavapai County,04025,192,9/14/2021
Arizona,AZ,4,Yavapai County,04025,192,9/21/2021
Arizona,AZ,4,Yavapai County,04025,192,9/28/2021
Arizona,AZ,4,Yavapai County,04025,192,10/5/2021
Arizona,AZ,4,Yavapai County,04025,179,10/12/2021
Arizona,AZ,4,Yavapai County,04025,179,10/19/2021
Arizona,AZ,4,Yavapai County,04025,179,10/26/2021
Arizona,AZ,4,Yavapai County,04025,179,11/2/2021
Arizona,AZ,4,Yavapai County,04025,179,11/9/2021
Arizona,AZ,4,Yavapai County,04025,179,11/16/2021
Arizona,AZ,4,Yavapai County,04025,179,11/23/2021
Arizona,AZ,4,Yavapai County,04025,179,11/30/2021
Arizona,AZ,4,Yavapai County,04025,179,12/7/2021
Arizona,AZ,4,Yavapai County,04025,179,12/14/2021
Arizona,AZ,4,Yavapai County,04025,178,12/21/2021
Arizona,AZ,4,Yavapai County,04025,119,12/28/2021
Arizona,AZ,4,Yavapai County,04025,119,1/4/2022
Arizona,AZ,4,Yavapai County,04025,119,1/11/2022
Arizona,AZ,4,Yavapai County,04025,119,1/18/2022
Arizona,AZ,4,Yavapai County,04025,119,1/25/2022
Arizona,AZ,4,Yavapai County,04025,119,2/1/2022
Arizona,AZ,4,Yavapai County,04025,119,2/8/2022
Arizona,AZ,4,Yavapai County,04025,119,2/15/2022
Arizona,AZ,4,Yavapai County,04025,119,2/22/2022
Arizona,AZ,4,Yavapai County,04025,155,3/1/2022
Arizona,AZ,4,Yavapai County,04025,155,3/8/2022
Arizona,AZ,4,Yavapai County,04025,155,3/15/2022
Arizona,AZ,4,Yavapai County,04025,155,3/22/2022
Arizona,AZ,4,Yavapai County,04025,155,3/29/2022
Arizona,AZ,4,Yavapai County,04025,200,4/5/2022
Arizona,AZ,4,Yavapai County,04025,200,4/12/2022
Arizona,AZ,4,Yavapai County,04025,200,4/19/2022
Arizona,AZ,4,Yavapai County,04025,227,4/26/2022
Arizona,AZ,4,Yavapai County,04025,227,5/3/2022
Arizona,AZ,4,Yavapai County,04025,230,5/10/2022
Arizona,AZ,4,Yavapai County,04025,230,5/17/2022
Arizona,AZ,4,Yavapai County,04025,254,5/24/2022
Arizona,AZ,4,Yavapai County,04025,254,5/31/2022
Arizona,AZ,4,Yavapai County,04025,254,6/7/2022
Arizona,AZ,4,Yuma County,04027,0,1/7/2020
Arizona,AZ,4,Yuma County,04027,0,1/14/2020
Arizona,AZ,4,Yuma County,04027,0,1/21/2020
Arizona,AZ,4,Yuma County,04027,0,1/28/2020
Arizona,AZ,4,Yuma County,04027,0,2/4/2020
Arizona,AZ,4,Yuma County,04027,0,2/11/2020
Arizona,AZ,4,Yuma County,04027,0,2/18/2020
Arizona,AZ,4,Yuma County,04027,0,2/25/2020
Arizona,AZ,4,Yuma County,04027,0,3/3/2020
Arizona,AZ,4,Yuma County,04027,0,3/10/2020
Arizona,AZ,4,Yuma County,04027,0,3/17/2020
Arizona,AZ,4,Yuma County,04027,0,3/24/2020
Arizona,AZ,4,Yuma County,04027,0,3/31/2020
Arizona,AZ,4,Yuma County,04027,0,4/7/2020
Arizona,AZ,4,Yuma County,04027,0,4/14/2020
Arizona,AZ,4,Yuma County,04027,0,4/21/2020
Arizona,AZ,4,Yuma County,04027,0,4/28/2020
Arizona,AZ,4,Yuma County,04027,0,5/5/2020
Arizona,AZ,4,Yuma County,04027,0,5/12/2020
Arizona,AZ,4,Yuma County,04027,0,5/19/2020
Arizona,AZ,4,Yuma County,04027,0,5/26/2020
Arizona,AZ,4,Yuma County,04027,0,6/2/2020
Arizona,AZ,4,Yuma County,04027,0,6/9/2020
Arizona,AZ,4,Yuma County,04027,0,6/16/2020
Arizona,AZ,4,Yuma County,04027,0,6/23/2020
Arizona,AZ,4,Yuma County,04027,0,6/30/2020
Arizona,AZ,4,Yuma County,04027,0,7/7/2020
Arizona,AZ,4,Yuma County,04027,0,7/14/2020
Arizona,AZ,4,Yuma County,04027,0,7/21/2020
Arizona,AZ,4,Yuma County,04027,0,7/28/2020
Arizona,AZ,4,Yuma County,04027,4,8/4/2020
Arizona,AZ,4,Yuma County,04027,4,8/11/2020
Arizona,AZ,4,Yuma County,04027,100,8/18/2020
Arizona,AZ,4,Yuma County,04027,170,8/25/2020
Arizona,AZ,4,Yuma County,04027,170,9/1/2020
Arizona,AZ,4,Yuma County,04027,211,9/8/2020
Arizona,AZ,4,Yuma County,04027,255,9/15/2020
Arizona,AZ,4,Yuma County,04027,255,9/22/2020
Arizona,AZ,4,Yuma County,04027,255,9/29/2020
Arizona,AZ,4,Yuma County,04027,255,10/6/2020
Arizona,AZ,4,Yuma County,04027,255,10/13/2020
Arizona,AZ,4,Yuma County,04027,255,10/20/2020
Arizona,AZ,4,Yuma County,04027,255,10/27/2020
Arizona,AZ,4,Yuma County,04027,255,11/3/2020
Arizona,AZ,4,Yuma County,04027,255,11/10/2020
Arizona,AZ,4,Yuma County,04027,255,11/17/2020
Arizona,AZ,4,Yuma County,04027,332,11/24/2020
Arizona,AZ,4,Yuma County,04027,332,12/1/2020
Arizona,AZ,4,Yuma County,04027,332,12/8/2020
Arizona,AZ,4,Yuma County,04027,335,12/15/2020
Arizona,AZ,4,Yuma County,04027,335,12/22/2020
Arizona,AZ,4,Yuma County,04027,335,12/29/2020
Arizona,AZ,4,Yuma County,04027,335,1/5/2021
Arizona,AZ,4,Yuma County,04027,335,1/12/2021
Arizona,AZ,4,Yuma County,04027,334,1/19/2021
Arizona,AZ,4,Yuma County,04027,275,1/26/2021
Arizona,AZ,4,Yuma County,04027,206,2/2/2021
Arizona,AZ,4,Yuma County,04027,206,2/9/2021
Arizona,AZ,4,Yuma County,04027,206,2/16/2021
Arizona,AZ,4,Yuma County,04027,206,2/23/2021
Arizona,AZ,4,Yuma County,04027,206,3/2/2021
Arizona,AZ,4,Yuma County,04027,206,3/9/2021
Arizona,AZ,4,Yuma County,04027,205,3/16/2021
Arizona,AZ,4,Yuma County,04027,206,3/23/2021
Arizona,AZ,4,Yuma County,04027,206,3/30/2021
Arizona,AZ,4,Yuma County,04027,206,4/6/2021
Arizona,AZ,4,Yuma County,04027,206,4/13/2021
Arizona,AZ,4,Yuma County,04027,208,4/20/2021
Arizona,AZ,4,Yuma County,04027,208,4/27/2021
Arizona,AZ,4,Yuma County,04027,208,5/4/2021
Arizona,AZ,4,Yuma County,04027,208,5/11/2021
Arizona,AZ,4,Yuma County,04027,208,5/18/2021
Arizona,AZ,4,Yuma County,04027,208,5/25/2021
Arizona,AZ,4,Yuma County,04027,208,6/1/2021
Arizona,AZ,4,Yuma County,04027,207,6/8/2021
Arizona,AZ,4,Yuma County,04027,207,6/15/2021
Arizona,AZ,4,Yuma County,04027,207,6/22/2021
Arizona,AZ,4,Yuma County,04027,207,6/29/2021
Arizona,AZ,4,Yuma County,04027,207,7/6/2021
Arizona,AZ,4,Yuma County,04027,207,7/13/2021
Arizona,AZ,4,Yuma County,04027,207,7/20/2021
Arizona,AZ,4,Yuma County,04027,207,7/27/2021
Arizona,AZ,4,Yuma County,04027,207,8/3/2021
Arizona,AZ,4,Yuma County,04027,208,8/10/2021
Arizona,AZ,4,Yuma County,04027,149,8/17/2021
Arizona,AZ,4,Yuma County,04027,149,8/24/2021
Arizona,AZ,4,Yuma County,04027,149,8/31/2021
Arizona,AZ,4,Yuma County,04027,144,9/7/2021
Arizona,AZ,4,Yuma County,04027,144,9/14/2021
Arizona,AZ,4,Yuma County,04027,144,9/21/2021
Arizona,AZ,4,Yuma County,04027,137,9/28/2021
Arizona,AZ,4,Yuma County,04027,137,10/5/2021
Arizona,AZ,4,Yuma County,04027,137,10/12/2021
Arizona,AZ,4,Yuma County,04027,137,10/19/2021
Arizona,AZ,4,Yuma County,04027,136,10/26/2021
Arizona,AZ,4,Yuma County,04027,136,11/2/2021
Arizona,AZ,4,Yuma County,04027,136,11/9/2021
Arizona,AZ,4,Yuma County,04027,136,11/16/2021
Arizona,AZ,4,Yuma County,04027,136,11/23/2021
Arizona,AZ,4,Yuma County,04027,136,11/30/2021
Arizona,AZ,4,Yuma County,04027,136,12/7/2021
Arizona,AZ,4,Yuma County,04027,137,12/14/2021
Arizona,AZ,4,Yuma County,04027,139,12/21/2021
Arizona,AZ,4,Yuma County,04027,136,12/28/2021
Arizona,AZ,4,Yuma County,04027,136,1/4/2022
Arizona,AZ,4,Yuma County,04027,141,1/11/2022
Arizona,AZ,4,Yuma County,04027,141,1/18/2022
Arizona,AZ,4,Yuma County,04027,141,1/25/2022
Arizona,AZ,4,Yuma County,04027,141,2/1/2022
Arizona,AZ,4,Yuma County,04027,141,2/8/2022
Arizona,AZ,4,Yuma County,04027,141,2/15/2022
Arizona,AZ,4,Yuma County,04027,141,2/22/2022
Arizona,AZ,4,Yuma County,04027,202,3/1/2022
Arizona,AZ,4,Yuma County,04027,202,3/8/2022
Arizona,AZ,4,Yuma County,04027,202,3/15/2022
Arizona,AZ,4,Yuma County,04027,202,3/22/2022
Arizona,AZ,4,Yuma County,04027,202,3/29/2022
Arizona,AZ,4,Yuma County,04027,300,4/5/2022
Arizona,AZ,4,Yuma County,04027,300,4/12/2022
Arizona,AZ,4,Yuma County,04027,300,4/19/2022
Arizona,AZ,4,Yuma County,04027,300,4/26/2022
Arizona,AZ,4,Yuma County,04027,300,5/3/2022
Arizona,AZ,4,Yuma County,04027,305,5/10/2022
Arizona,AZ,4,Yuma County,04027,305,5/17/2022
Arizona,AZ,4,Yuma County,04027,305,5/24/2022
Arizona,AZ,4,Yuma County,04027,305,5/31/2022
Arizona,AZ,4,Yuma County,04027,305,6/7/2022
